entry_time,exit_time,entry_px,exit_px,ret_pct,width_pct
1755095400,1755131400,199.4975,201.60472500000003,1.0562663692527563,2.3053
