[2025-09-23 00:00:57] SELL: cooldown active until 00:27 (AUTO_ENABLE_SELL=true)
[2025-09-23 00:00:57] sleeping 60s
[2025-09-23 00:01:57] SELL: cooldown active until 00:27 (AUTO_ENABLE_SELL=true)
[2025-09-23 00:01:57] sleeping 60s
[2025-09-23 00:02:57] SELL: cooldown active until 00:27 (AUTO_ENABLE_SELL=true)
[2025-09-23 00:02:57] sleeping 60s
[2025-09-23 00:03:57] SELL: cooldown active until 00:27 (AUTO_ENABLE_SELL=true)
[2025-09-23 00:03:57] sleeping 60s
[2025-09-23 00:04:57] SELL: cooldown active until 00:27 (AUTO_ENABLE_SELL=true)
[2025-09-23 00:04:58] sleeping 60s
[2025-09-23 00:05:58] SELL: cooldown active until 00:27 (AUTO_ENABLE_SELL=true)
[2025-09-23 00:05:58] sleeping 60s
[2025-09-23 00:06:58] SELL: cooldown active until 00:27 (AUTO_ENABLE_SELL=true)
[2025-09-23 00:06:58] sleeping 60s
[2025-09-23 00:07:58] SELL: cooldown active until 00:27 (AUTO_ENABLE_SELL=true)
[2025-09-23 00:07:58] sleeping 60s
[2025-09-23 00:08:58] SELL: cooldown active until 00:27 (AUTO_ENABLE_SELL=true)
[2025-09-23 00:08:58] sleeping 60s
[2025-09-23 00:09:58] SELL: cooldown active until 00:27 (AUTO_ENABLE_SELL=true)
[2025-09-23 00:09:58] sleeping 60s
[2025-09-23 00:10:58] SELL: cooldown active until 00:27 (AUTO_ENABLE_SELL=true)
[2025-09-23 00:10:58] sleeping 60s
[2025-09-23 00:11:58] SELL: cooldown active until 00:27 (AUTO_ENABLE_SELL=true)
[2025-09-23 00:11:58] sleeping 60s
[2025-09-23 00:12:58] SELL: cooldown active until 00:27 (AUTO_ENABLE_SELL=true)
[2025-09-23 00:12:58] sleeping 60s
[2025-09-23 00:13:58] SELL: cooldown active until 00:27 (AUTO_ENABLE_SELL=true)
[2025-09-23 00:13:58] sleeping 60s
[2025-09-23 00:14:58] SELL: cooldown active until 00:27 (AUTO_ENABLE_SELL=true)
[2025-09-23 00:14:58] sleeping 60s
[2025-09-23 00:15:58] SELL: cooldown active until 00:27 (AUTO_ENABLE_SELL=true)
[2025-09-23 00:15:58] sleeping 60s
[2025-09-23 00:16:58] SELL: cooldown active until 00:27 (AUTO_ENABLE_SELL=true)
[2025-09-23 00:16:58] sleeping 60s
[2025-09-23 00:17:59] SELL: cooldown active until 00:27 (AUTO_ENABLE_SELL=true)
[2025-09-23 00:17:59] sleeping 60s
[2025-09-23 00:18:59] SELL: cooldown active until 00:27 (AUTO_ENABLE_SELL=true)
[2025-09-23 00:18:59] sleeping 60s
[2025-09-23 00:19:59] SELL: cooldown active until 00:27 (AUTO_ENABLE_SELL=true)
[2025-09-23 00:19:59] sleeping 60s
[2025-09-23 00:20:59] SELL: cooldown active until 00:27 (AUTO_ENABLE_SELL=true)
[2025-09-23 00:20:59] sleeping 60s
[2025-09-23 00:21:59] SELL: cooldown active until 00:27 (AUTO_ENABLE_SELL=true)
[2025-09-23 00:21:59] sleeping 60s
[2025-09-23 00:22:59] SELL: cooldown active until 00:27 (AUTO_ENABLE_SELL=true)
[2025-09-23 00:22:59] sleeping 60s
[2025-09-23 00:23:59] SELL: cooldown active until 00:27 (AUTO_ENABLE_SELL=true)
[2025-09-23 00:23:59] sleeping 60s
[2025-09-23 00:24:59] SELL: cooldown active until 00:27 (AUTO_ENABLE_SELL=true)
[2025-09-23 00:24:59] sleeping 60s
[2025-09-23 00:25:59] SELL: cooldown active until 00:27 (AUTO_ENABLE_SELL=true)
[2025-09-23 00:25:59] sleeping 60s
[2025-09-23 00:26:59] SELL: cooldown active until 00:27 (AUTO_ENABLE_SELL=true)
[2025-09-23 00:26:59] sleeping 60s
[2025-09-23 00:27:59] SELL: starting…
2025-09-23 00:28:02 [sell_execute] Recorded SELL: 0.006746476 SOL -> 1.4639 USDC @ 216.9826 USDC/SOL
[2025-09-23 00:28:02] SELL: exit code 0
[2025-09-23 00:28:02] sleeping 58s
[2025-09-23 00:29:00] SELL: cooldown active until 00:58 (AUTO_ENABLE_SELL=true)
[2025-09-23 00:29:00] sleeping 60s
[2025-09-23 00:30:01] SELL: cooldown active until 00:58 (AUTO_ENABLE_SELL=true)
[2025-09-23 00:30:01] sleeping 60s
[2025-09-23 00:31:01] SELL: cooldown active until 00:58 (AUTO_ENABLE_SELL=true)
[2025-09-23 00:31:01] sleeping 60s
[2025-09-23 00:32:01] SELL: cooldown active until 00:58 (AUTO_ENABLE_SELL=true)
[2025-09-23 00:32:01] sleeping 60s
[2025-09-23 00:33:01] SELL: cooldown active until 00:58 (AUTO_ENABLE_SELL=true)
[2025-09-23 00:33:01] sleeping 60s
[2025-09-23 00:34:01] SELL: cooldown active until 00:58 (AUTO_ENABLE_SELL=true)
[2025-09-23 00:34:01] sleeping 60s
[2025-09-23 00:35:01] SELL: cooldown active until 00:58 (AUTO_ENABLE_SELL=true)
[2025-09-23 00:35:01] sleeping 60s
[2025-09-23 00:36:01] SELL: cooldown active until 00:58 (AUTO_ENABLE_SELL=true)
[2025-09-23 00:36:01] sleeping 60s
[2025-09-23 00:37:01] SELL: cooldown active until 00:58 (AUTO_ENABLE_SELL=true)
[2025-09-23 00:37:01] sleeping 60s
[2025-09-23 00:38:01] SELL: cooldown active until 00:58 (AUTO_ENABLE_SELL=true)
[2025-09-23 00:38:01] sleeping 60s
[2025-09-23 00:39:01] SELL: cooldown active until 00:58 (AUTO_ENABLE_SELL=true)
[2025-09-23 00:39:01] sleeping 60s
[2025-09-23 00:40:02] SELL: cooldown active until 00:58 (AUTO_ENABLE_SELL=true)
[2025-09-23 00:40:02] sleeping 60s
[2025-09-23 00:41:02] SELL: cooldown active until 00:58 (AUTO_ENABLE_SELL=true)
[2025-09-23 00:41:02] sleeping 60s
[2025-09-23 00:42:02] SELL: cooldown active until 00:58 (AUTO_ENABLE_SELL=true)
[2025-09-23 00:42:02] sleeping 60s
[2025-09-23 00:43:02] SELL: cooldown active until 00:58 (AUTO_ENABLE_SELL=true)
[2025-09-23 00:43:02] sleeping 60s
[2025-09-23 00:44:02] SELL: cooldown active until 00:58 (AUTO_ENABLE_SELL=true)
[2025-09-23 00:44:02] sleeping 60s
[2025-09-23 00:45:02] SELL: cooldown active until 00:58 (AUTO_ENABLE_SELL=true)
[2025-09-23 00:45:02] sleeping 60s
[2025-09-23 00:46:02] SELL: cooldown active until 00:58 (AUTO_ENABLE_SELL=true)
[2025-09-23 00:46:02] sleeping 60s
[2025-09-23 00:47:02] SELL: cooldown active until 00:58 (AUTO_ENABLE_SELL=true)
[2025-09-23 00:47:02] sleeping 60s
[2025-09-23 00:48:02] SELL: cooldown active until 00:58 (AUTO_ENABLE_SELL=true)
[2025-09-23 00:48:02] sleeping 60s
[2025-09-23 00:49:02] SELL: cooldown active until 00:58 (AUTO_ENABLE_SELL=true)
[2025-09-23 00:49:02] sleeping 60s
[2025-09-23 00:50:02] SELL: cooldown active until 00:58 (AUTO_ENABLE_SELL=true)
[2025-09-23 00:50:02] sleeping 60s
[2025-09-23 00:51:03] SELL: cooldown active until 00:58 (AUTO_ENABLE_SELL=true)
[2025-09-23 00:51:03] sleeping 60s
[2025-09-23 00:52:03] SELL: cooldown active until 00:58 (AUTO_ENABLE_SELL=true)
[2025-09-23 00:52:03] sleeping 60s
[2025-09-23 00:53:03] SELL: cooldown active until 00:58 (AUTO_ENABLE_SELL=true)
[2025-09-23 00:53:03] sleeping 60s
[2025-09-23 00:54:03] SELL: cooldown active until 00:58 (AUTO_ENABLE_SELL=true)
[2025-09-23 00:54:03] sleeping 60s
[2025-09-23 00:55:03] SELL: cooldown active until 00:58 (AUTO_ENABLE_SELL=true)
[2025-09-23 00:55:03] sleeping 60s
[2025-09-23 00:56:03] SELL: cooldown active until 00:58 (AUTO_ENABLE_SELL=true)
[2025-09-23 00:56:03] sleeping 60s
[2025-09-23 00:57:03] SELL: cooldown active until 00:58 (AUTO_ENABLE_SELL=true)
[2025-09-23 00:57:03] sleeping 60s
[2025-09-23 00:58:03] SELL: starting…
2025-09-23 00:58:05 [sell_execute] Recorded SELL: 0.006746476 SOL -> 1.4636 USDC @ 216.9460 USDC/SOL
[2025-09-23 00:58:05] SELL: exit code 0
[2025-09-23 00:58:06] sleeping 58s
[2025-09-23 00:59:04] SELL: cooldown active until 01:28 (AUTO_ENABLE_SELL=true)
[2025-09-23 00:59:04] sleeping 60s
[2025-09-23 01:00:04] SELL: cooldown active until 01:28 (AUTO_ENABLE_SELL=true)
[2025-09-23 01:00:04] sleeping 60s
[2025-09-23 01:01:04] SELL: cooldown active until 01:28 (AUTO_ENABLE_SELL=true)
[2025-09-23 01:01:04] sleeping 60s
[2025-09-23 01:02:04] SELL: cooldown active until 01:28 (AUTO_ENABLE_SELL=true)
[2025-09-23 01:02:04] sleeping 60s
[2025-09-23 01:03:04] SELL: cooldown active until 01:28 (AUTO_ENABLE_SELL=true)
[2025-09-23 01:03:04] sleeping 60s
[2025-09-23 01:04:04] SELL: cooldown active until 01:28 (AUTO_ENABLE_SELL=true)
[2025-09-23 01:04:04] sleeping 60s
[2025-09-23 01:05:04] SELL: cooldown active until 01:28 (AUTO_ENABLE_SELL=true)
[2025-09-23 01:05:04] sleeping 60s
[2025-09-23 01:06:04] SELL: cooldown active until 01:28 (AUTO_ENABLE_SELL=true)
[2025-09-23 01:06:04] sleeping 60s
[2025-09-23 01:07:04] SELL: cooldown active until 01:28 (AUTO_ENABLE_SELL=true)
[2025-09-23 01:07:04] sleeping 60s
[2025-09-23 01:08:04] SELL: cooldown active until 01:28 (AUTO_ENABLE_SELL=true)
[2025-09-23 01:08:04] sleeping 60s
[2025-09-23 01:09:04] SELL: cooldown active until 01:28 (AUTO_ENABLE_SELL=true)
[2025-09-23 01:09:04] sleeping 60s
[2025-09-23 01:10:04] SELL: cooldown active until 01:28 (AUTO_ENABLE_SELL=true)
[2025-09-23 01:10:04] sleeping 60s
[2025-09-23 01:11:04] SELL: cooldown active until 01:28 (AUTO_ENABLE_SELL=true)
[2025-09-23 01:11:04] sleeping 60s
[2025-09-23 01:12:04] SELL: cooldown active until 01:28 (AUTO_ENABLE_SELL=true)
[2025-09-23 01:12:04] sleeping 60s
[2025-09-23 01:13:05] SELL: cooldown active until 01:28 (AUTO_ENABLE_SELL=true)
[2025-09-23 01:13:05] sleeping 60s
[2025-09-23 01:14:05] SELL: cooldown active until 01:28 (AUTO_ENABLE_SELL=true)
[2025-09-23 01:14:05] sleeping 60s
[2025-09-23 01:15:05] SELL: cooldown active until 01:28 (AUTO_ENABLE_SELL=true)
[2025-09-23 01:15:05] sleeping 60s
[2025-09-23 01:16:05] SELL: cooldown active until 01:28 (AUTO_ENABLE_SELL=true)
[2025-09-23 01:16:05] sleeping 60s
[2025-09-23 01:17:05] SELL: cooldown active until 01:28 (AUTO_ENABLE_SELL=true)
[2025-09-23 01:17:05] sleeping 60s
[2025-09-23 01:18:05] SELL: cooldown active until 01:28 (AUTO_ENABLE_SELL=true)
[2025-09-23 01:18:05] sleeping 60s
[2025-09-23 01:19:05] SELL: cooldown active until 01:28 (AUTO_ENABLE_SELL=true)
[2025-09-23 01:19:05] sleeping 60s
[2025-09-23 01:20:05] SELL: cooldown active until 01:28 (AUTO_ENABLE_SELL=true)
[2025-09-23 01:20:05] sleeping 60s
[2025-09-23 01:21:05] SELL: cooldown active until 01:28 (AUTO_ENABLE_SELL=true)
[2025-09-23 01:21:05] sleeping 60s
[2025-09-23 01:22:05] SELL: cooldown active until 01:28 (AUTO_ENABLE_SELL=true)
[2025-09-23 01:22:05] sleeping 60s
[2025-09-23 01:23:05] SELL: cooldown active until 01:28 (AUTO_ENABLE_SELL=true)
[2025-09-23 01:23:05] sleeping 60s
[2025-09-23 01:24:06] SELL: cooldown active until 01:28 (AUTO_ENABLE_SELL=true)
[2025-09-23 01:24:06] sleeping 60s
[2025-09-23 01:25:06] SELL: cooldown active until 01:28 (AUTO_ENABLE_SELL=true)
[2025-09-23 01:25:06] sleeping 60s
[2025-09-23 01:26:06] SELL: cooldown active until 01:28 (AUTO_ENABLE_SELL=true)
[2025-09-23 01:26:06] sleeping 60s
[2025-09-23 01:27:06] SELL: cooldown active until 01:28 (AUTO_ENABLE_SELL=true)
[2025-09-23 01:27:06] sleeping 60s
[2025-09-23 01:28:06] SELL: starting…
2025-09-23 01:28:08 [sell_execute] Recorded SELL: 0.006746476 SOL -> 1.4534 USDC @ 215.4326 USDC/SOL
[2025-09-23 01:28:08] SELL: exit code 0
[2025-09-23 01:28:09] sleeping 58s
[2025-09-23 01:29:07] SELL: cooldown active until 01:58 (AUTO_ENABLE_SELL=true)
[2025-09-23 01:29:07] sleeping 60s
[2025-09-23 01:30:07] SELL: cooldown active until 01:58 (AUTO_ENABLE_SELL=true)
[2025-09-23 01:30:07] sleeping 60s
[2025-09-23 01:31:07] SELL: cooldown active until 01:58 (AUTO_ENABLE_SELL=true)
[2025-09-23 01:31:07] sleeping 60s
[2025-09-23 01:32:07] SELL: cooldown active until 01:58 (AUTO_ENABLE_SELL=true)
[2025-09-23 01:32:07] sleeping 60s
[2025-09-23 01:33:07] SELL: cooldown active until 01:58 (AUTO_ENABLE_SELL=true)
[2025-09-23 01:33:07] sleeping 60s
[2025-09-23 01:34:07] SELL: cooldown active until 01:58 (AUTO_ENABLE_SELL=true)
[2025-09-23 01:34:07] sleeping 60s
[2025-09-23 01:35:07] SELL: cooldown active until 01:58 (AUTO_ENABLE_SELL=true)
[2025-09-23 01:35:07] sleeping 60s
[2025-09-23 01:36:07] SELL: cooldown active until 01:58 (AUTO_ENABLE_SELL=true)
[2025-09-23 01:36:07] sleeping 60s
[2025-09-23 01:37:07] SELL: cooldown active until 01:58 (AUTO_ENABLE_SELL=true)
[2025-09-23 01:37:07] sleeping 60s
[2025-09-23 01:38:07] SELL: cooldown active until 01:58 (AUTO_ENABLE_SELL=true)
[2025-09-23 01:38:07] sleeping 60s
[2025-09-23 01:39:07] SELL: cooldown active until 01:58 (AUTO_ENABLE_SELL=true)
[2025-09-23 01:39:07] sleeping 60s
[2025-09-23 01:40:07] SELL: cooldown active until 01:58 (AUTO_ENABLE_SELL=true)
[2025-09-23 01:40:07] sleeping 60s
[2025-09-23 01:41:07] SELL: cooldown active until 01:58 (AUTO_ENABLE_SELL=true)
[2025-09-23 01:41:07] sleeping 60s
[2025-09-23 01:42:07] SELL: cooldown active until 01:58 (AUTO_ENABLE_SELL=true)
[2025-09-23 01:42:07] sleeping 60s
[2025-09-23 01:43:08] SELL: cooldown active until 01:58 (AUTO_ENABLE_SELL=true)
[2025-09-23 01:43:08] sleeping 60s
[2025-09-23 01:44:08] SELL: cooldown active until 01:58 (AUTO_ENABLE_SELL=true)
[2025-09-23 01:44:08] sleeping 60s
[2025-09-23 01:45:08] SELL: cooldown active until 01:58 (AUTO_ENABLE_SELL=true)
[2025-09-23 01:45:08] sleeping 60s
[2025-09-23 01:46:08] SELL: cooldown active until 01:58 (AUTO_ENABLE_SELL=true)
[2025-09-23 01:46:08] sleeping 60s
[2025-09-23 01:47:08] SELL: cooldown active until 01:58 (AUTO_ENABLE_SELL=true)
[2025-09-23 01:47:08] sleeping 60s
[2025-09-23 01:48:08] SELL: cooldown active until 01:58 (AUTO_ENABLE_SELL=true)
[2025-09-23 01:48:08] sleeping 60s
[2025-09-23 01:49:08] SELL: cooldown active until 01:58 (AUTO_ENABLE_SELL=true)
[2025-09-23 01:49:08] sleeping 60s
[2025-09-23 01:50:08] SELL: cooldown active until 01:58 (AUTO_ENABLE_SELL=true)
[2025-09-23 01:50:08] sleeping 60s
[2025-09-23 01:51:08] SELL: cooldown active until 01:58 (AUTO_ENABLE_SELL=true)
[2025-09-23 01:51:08] sleeping 60s
[2025-09-23 01:52:08] SELL: cooldown active until 01:58 (AUTO_ENABLE_SELL=true)
[2025-09-23 01:52:08] sleeping 60s
[2025-09-23 01:53:08] SELL: cooldown active until 01:58 (AUTO_ENABLE_SELL=true)
[2025-09-23 01:53:08] sleeping 60s
[2025-09-23 01:54:09] SELL: cooldown active until 01:58 (AUTO_ENABLE_SELL=true)
[2025-09-23 01:54:09] sleeping 60s
[2025-09-23 01:55:09] SELL: cooldown active until 01:58 (AUTO_ENABLE_SELL=true)
[2025-09-23 01:55:09] sleeping 60s
[2025-09-23 01:56:09] SELL: cooldown active until 01:58 (AUTO_ENABLE_SELL=true)
[2025-09-23 01:56:09] sleeping 60s
[2025-09-23 01:57:09] SELL: cooldown active until 01:58 (AUTO_ENABLE_SELL=true)
[2025-09-23 01:57:09] sleeping 60s
[2025-09-23 01:58:09] SELL: starting…
2025-09-23 01:58:11 [sell_execute] Recorded SELL: 0.006746476 SOL -> 1.4576 USDC @ 216.0538 USDC/SOL
[2025-09-23 01:58:11] SELL: exit code 0
[2025-09-23 01:58:11] sleeping 58s
[2025-09-23 01:59:09] SELL: cooldown active until 02:28 (AUTO_ENABLE_SELL=true)
[2025-09-23 01:59:09] sleeping 60s
[2025-09-23 02:00:09] SELL: cooldown active until 02:28 (AUTO_ENABLE_SELL=true)
[2025-09-23 02:00:09] sleeping 60s
[2025-09-23 02:01:10] SELL: cooldown active until 02:28 (AUTO_ENABLE_SELL=true)
[2025-09-23 02:01:10] sleeping 60s
[2025-09-23 02:02:10] SELL: cooldown active until 02:28 (AUTO_ENABLE_SELL=true)
[2025-09-23 02:02:10] sleeping 60s
[2025-09-23 02:03:10] SELL: cooldown active until 02:28 (AUTO_ENABLE_SELL=true)
[2025-09-23 02:03:10] sleeping 60s
[2025-09-23 02:04:10] SELL: cooldown active until 02:28 (AUTO_ENABLE_SELL=true)
[2025-09-23 02:04:10] sleeping 60s
[2025-09-23 02:05:10] SELL: cooldown active until 02:28 (AUTO_ENABLE_SELL=true)
[2025-09-23 02:05:10] sleeping 60s
[2025-09-23 02:06:10] SELL: cooldown active until 02:28 (AUTO_ENABLE_SELL=true)
[2025-09-23 02:06:10] sleeping 60s
[2025-09-23 02:07:10] SELL: cooldown active until 02:28 (AUTO_ENABLE_SELL=true)
[2025-09-23 02:07:10] sleeping 60s
[2025-09-23 02:08:10] SELL: cooldown active until 02:28 (AUTO_ENABLE_SELL=true)
[2025-09-23 02:08:10] sleeping 60s
[2025-09-23 02:09:10] SELL: cooldown active until 02:28 (AUTO_ENABLE_SELL=true)
[2025-09-23 02:09:10] sleeping 60s
[2025-09-23 02:10:10] SELL: cooldown active until 02:28 (AUTO_ENABLE_SELL=true)
[2025-09-23 02:10:10] sleeping 60s
[2025-09-23 02:11:10] SELL: cooldown active until 02:28 (AUTO_ENABLE_SELL=true)
[2025-09-23 02:11:10] sleeping 60s
[2025-09-23 02:12:10] SELL: cooldown active until 02:28 (AUTO_ENABLE_SELL=true)
[2025-09-23 02:12:10] sleeping 60s
[2025-09-23 02:13:10] SELL: cooldown active until 02:28 (AUTO_ENABLE_SELL=true)
[2025-09-23 02:13:10] sleeping 60s
[2025-09-23 02:14:10] SELL: cooldown active until 02:28 (AUTO_ENABLE_SELL=true)
[2025-09-23 02:14:10] sleeping 60s
[2025-09-23 02:15:11] SELL: cooldown active until 02:28 (AUTO_ENABLE_SELL=true)
[2025-09-23 02:15:11] sleeping 60s
[2025-09-23 02:16:11] SELL: cooldown active until 02:28 (AUTO_ENABLE_SELL=true)
[2025-09-23 02:16:11] sleeping 60s
[2025-09-23 02:17:11] SELL: cooldown active until 02:28 (AUTO_ENABLE_SELL=true)
[2025-09-23 02:17:11] sleeping 60s
[2025-09-23 02:18:11] SELL: cooldown active until 02:28 (AUTO_ENABLE_SELL=true)
[2025-09-23 02:18:11] sleeping 60s
[2025-09-23 02:19:11] SELL: cooldown active until 02:28 (AUTO_ENABLE_SELL=true)
[2025-09-23 02:19:11] sleeping 60s
[2025-09-23 02:20:11] SELL: cooldown active until 02:28 (AUTO_ENABLE_SELL=true)
[2025-09-23 02:20:11] sleeping 60s
[2025-09-23 02:21:11] SELL: cooldown active until 02:28 (AUTO_ENABLE_SELL=true)
[2025-09-23 02:21:11] BUY: starting…
[2025-09-23 02:21:12] BUY: exit code 0
[2025-09-23 02:21:12] sleeping 59s
[2025-09-23 02:22:11] SELL: cooldown active until 02:28 (AUTO_ENABLE_SELL=true)
[2025-09-23 02:22:11] sleeping 60s
[2025-09-23 02:23:11] SELL: cooldown active until 02:28 (AUTO_ENABLE_SELL=true)
[2025-09-23 02:23:11] sleeping 60s
[2025-09-23 02:24:11] SELL: cooldown active until 02:28 (AUTO_ENABLE_SELL=true)
[2025-09-23 02:24:11] sleeping 60s
[2025-09-23 02:25:12] SELL: cooldown active until 02:28 (AUTO_ENABLE_SELL=true)
[2025-09-23 02:25:12] sleeping 60s
[2025-09-23 02:26:12] SELL: cooldown active until 02:28 (AUTO_ENABLE_SELL=true)
[2025-09-23 02:26:12] sleeping 60s
[2025-09-23 02:27:12] SELL: cooldown active until 02:28 (AUTO_ENABLE_SELL=true)
[2025-09-23 02:27:12] sleeping 60s
[2025-09-23 02:28:12] SELL: starting…
2025-09-23 02:28:14 [sell_execute] Recorded SELL: 0.006746476 SOL -> 1.4639 USDC @ 216.9865 USDC/SOL
[2025-09-23 02:28:14] SELL: exit code 0
[2025-09-23 02:28:14] sleeping 58s
[2025-09-23 02:29:12] SELL: cooldown active until 02:58 (AUTO_ENABLE_SELL=true)
[2025-09-23 02:29:12] sleeping 60s
[2025-09-23 02:30:12] SELL: cooldown active until 02:58 (AUTO_ENABLE_SELL=true)
[2025-09-23 02:30:12] sleeping 60s
[2025-09-23 02:31:12] SELL: cooldown active until 02:58 (AUTO_ENABLE_SELL=true)
[2025-09-23 02:31:12] sleeping 60s
[2025-09-23 02:32:13] SELL: cooldown active until 02:58 (AUTO_ENABLE_SELL=true)
[2025-09-23 02:32:13] sleeping 60s
[2025-09-23 02:33:13] SELL: cooldown active until 02:58 (AUTO_ENABLE_SELL=true)
[2025-09-23 02:33:13] sleeping 60s
[2025-09-23 02:34:13] SELL: cooldown active until 02:58 (AUTO_ENABLE_SELL=true)
[2025-09-23 02:34:13] sleeping 60s
[2025-09-23 02:35:13] SELL: cooldown active until 02:58 (AUTO_ENABLE_SELL=true)
[2025-09-23 02:35:13] sleeping 60s
[2025-09-23 02:36:13] SELL: cooldown active until 02:58 (AUTO_ENABLE_SELL=true)
[2025-09-23 02:36:13] sleeping 60s
[2025-09-23 02:37:13] SELL: cooldown active until 02:58 (AUTO_ENABLE_SELL=true)
[2025-09-23 02:37:13] sleeping 60s
[2025-09-23 02:38:13] SELL: cooldown active until 02:58 (AUTO_ENABLE_SELL=true)
[2025-09-23 02:38:13] sleeping 60s
[2025-09-23 02:39:13] SELL: cooldown active until 02:58 (AUTO_ENABLE_SELL=true)
[2025-09-23 02:39:13] sleeping 60s
[2025-09-23 02:40:13] SELL: cooldown active until 02:58 (AUTO_ENABLE_SELL=true)
[2025-09-23 02:40:13] sleeping 60s
[2025-09-23 02:41:13] SELL: cooldown active until 02:58 (AUTO_ENABLE_SELL=true)
[2025-09-23 02:41:13] sleeping 60s
[2025-09-23 02:42:13] SELL: cooldown active until 02:58 (AUTO_ENABLE_SELL=true)
[2025-09-23 02:42:13] sleeping 60s
[2025-09-23 02:43:13] SELL: cooldown active until 02:58 (AUTO_ENABLE_SELL=true)
[2025-09-23 02:43:13] sleeping 60s
[2025-09-23 02:44:13] SELL: cooldown active until 02:58 (AUTO_ENABLE_SELL=true)
[2025-09-23 02:44:13] sleeping 60s
[2025-09-23 02:45:14] SELL: cooldown active until 02:58 (AUTO_ENABLE_SELL=true)
[2025-09-23 02:45:14] sleeping 60s
[2025-09-23 02:46:14] SELL: cooldown active until 02:58 (AUTO_ENABLE_SELL=true)
[2025-09-23 02:46:14] sleeping 60s
[2025-09-23 02:47:14] SELL: cooldown active until 02:58 (AUTO_ENABLE_SELL=true)
[2025-09-23 02:47:14] sleeping 60s
[2025-09-23 02:48:14] SELL: cooldown active until 02:58 (AUTO_ENABLE_SELL=true)
[2025-09-23 02:48:14] sleeping 60s
[2025-09-23 02:49:14] SELL: cooldown active until 02:58 (AUTO_ENABLE_SELL=true)
[2025-09-23 02:49:14] sleeping 60s
[2025-09-23 02:50:14] SELL: cooldown active until 02:58 (AUTO_ENABLE_SELL=true)
[2025-09-23 02:50:14] sleeping 60s
[2025-09-23 02:51:14] SELL: cooldown active until 02:58 (AUTO_ENABLE_SELL=true)
[2025-09-23 02:51:14] sleeping 60s
[2025-09-23 02:52:14] SELL: cooldown active until 02:58 (AUTO_ENABLE_SELL=true)
[2025-09-23 02:52:14] sleeping 60s
[2025-09-23 02:53:14] SELL: cooldown active until 02:58 (AUTO_ENABLE_SELL=true)
[2025-09-23 02:53:14] sleeping 60s
[2025-09-23 02:54:14] SELL: cooldown active until 02:58 (AUTO_ENABLE_SELL=true)
[2025-09-23 02:54:14] sleeping 60s
[2025-09-23 02:55:14] SELL: cooldown active until 02:58 (AUTO_ENABLE_SELL=true)
[2025-09-23 02:55:14] sleeping 60s
[2025-09-23 02:56:14] SELL: cooldown active until 02:58 (AUTO_ENABLE_SELL=true)
[2025-09-23 02:56:14] sleeping 60s
[2025-09-23 02:57:14] SELL: cooldown active until 02:58 (AUTO_ENABLE_SELL=true)
[2025-09-23 02:57:14] sleeping 60s
[2025-09-23 02:58:15] SELL: starting…
2025-09-23 02:58:17 [sell_execute] Recorded SELL: 0.006746476 SOL -> 1.4653 USDC @ 217.2008 USDC/SOL
[2025-09-23 02:58:17] SELL: exit code 0
[2025-09-23 02:58:17] sleeping 58s
[2025-09-23 02:59:15] SELL: cooldown active until 03:28 (AUTO_ENABLE_SELL=true)
[2025-09-23 02:59:15] sleeping 60s
[2025-09-23 03:00:15] SELL: cooldown active until 03:28 (AUTO_ENABLE_SELL=true)
[2025-09-23 03:00:15] sleeping 60s
[2025-09-23 03:01:15] SELL: cooldown active until 03:28 (AUTO_ENABLE_SELL=true)
[2025-09-23 03:01:15] sleeping 60s
[2025-09-23 03:02:15] SELL: cooldown active until 03:28 (AUTO_ENABLE_SELL=true)
[2025-09-23 03:02:15] sleeping 60s
[2025-09-23 03:03:16] SELL: cooldown active until 03:28 (AUTO_ENABLE_SELL=true)
[2025-09-23 03:03:16] sleeping 60s
[2025-09-23 03:04:16] SELL: cooldown active until 03:28 (AUTO_ENABLE_SELL=true)
[2025-09-23 03:04:16] sleeping 60s
[2025-09-23 03:05:16] SELL: cooldown active until 03:28 (AUTO_ENABLE_SELL=true)
[2025-09-23 03:05:16] sleeping 60s
[2025-09-23 03:06:16] SELL: cooldown active until 03:28 (AUTO_ENABLE_SELL=true)
[2025-09-23 03:06:16] sleeping 60s
[2025-09-23 03:07:16] SELL: cooldown active until 03:28 (AUTO_ENABLE_SELL=true)
[2025-09-23 03:07:16] sleeping 60s
[2025-09-23 03:08:16] SELL: cooldown active until 03:28 (AUTO_ENABLE_SELL=true)
[2025-09-23 03:08:16] sleeping 60s
[2025-09-23 03:09:16] SELL: cooldown active until 03:28 (AUTO_ENABLE_SELL=true)
[2025-09-23 03:09:16] sleeping 60s
[2025-09-23 03:10:16] SELL: cooldown active until 03:28 (AUTO_ENABLE_SELL=true)
[2025-09-23 03:10:16] sleeping 60s
[2025-09-23 03:11:16] SELL: cooldown active until 03:28 (AUTO_ENABLE_SELL=true)
[2025-09-23 03:11:16] sleeping 60s
[2025-09-23 03:12:16] SELL: cooldown active until 03:28 (AUTO_ENABLE_SELL=true)
[2025-09-23 03:12:16] sleeping 60s
[2025-09-23 03:13:16] SELL: cooldown active until 03:28 (AUTO_ENABLE_SELL=true)
[2025-09-23 03:13:16] sleeping 60s
[2025-09-23 03:14:16] SELL: cooldown active until 03:28 (AUTO_ENABLE_SELL=true)
[2025-09-23 03:14:16] sleeping 60s
[2025-09-23 03:15:16] SELL: cooldown active until 03:28 (AUTO_ENABLE_SELL=true)
[2025-09-23 03:15:16] sleeping 60s
[2025-09-23 03:16:17] SELL: cooldown active until 03:28 (AUTO_ENABLE_SELL=true)
[2025-09-23 03:16:17] sleeping 60s
[2025-09-23 03:17:17] SELL: cooldown active until 03:28 (AUTO_ENABLE_SELL=true)
[2025-09-23 03:17:17] sleeping 60s
[2025-09-23 03:18:17] SELL: cooldown active until 03:28 (AUTO_ENABLE_SELL=true)
[2025-09-23 03:18:17] sleeping 60s
[2025-09-23 03:19:17] SELL: cooldown active until 03:28 (AUTO_ENABLE_SELL=true)
[2025-09-23 03:19:17] sleeping 60s
[2025-09-23 03:20:17] SELL: cooldown active until 03:28 (AUTO_ENABLE_SELL=true)
[2025-09-23 03:20:17] sleeping 60s
[2025-09-23 03:21:17] SELL: cooldown active until 03:28 (AUTO_ENABLE_SELL=true)
[2025-09-23 03:21:17] sleeping 60s
[2025-09-23 03:22:17] SELL: cooldown active until 03:28 (AUTO_ENABLE_SELL=true)
[2025-09-23 03:22:17] sleeping 60s
[2025-09-23 03:23:17] SELL: cooldown active until 03:28 (AUTO_ENABLE_SELL=true)
[2025-09-23 03:23:17] sleeping 60s
[2025-09-23 03:24:17] SELL: cooldown active until 03:28 (AUTO_ENABLE_SELL=true)
[2025-09-23 03:24:17] sleeping 60s
[2025-09-23 03:25:17] SELL: cooldown active until 03:28 (AUTO_ENABLE_SELL=true)
[2025-09-23 03:25:17] sleeping 60s
[2025-09-23 03:26:17] SELL: cooldown active until 03:28 (AUTO_ENABLE_SELL=true)
[2025-09-23 03:26:17] sleeping 60s
[2025-09-23 03:27:17] SELL: cooldown active until 03:28 (AUTO_ENABLE_SELL=true)
[2025-09-23 03:27:17] sleeping 60s
[2025-09-23 03:28:17] SELL: starting…
2025-09-23 03:28:19 [sell_execute] Recorded SELL: 0.006746476 SOL -> 1.4759 USDC @ 218.7600 USDC/SOL
[2025-09-23 03:28:20] SELL: exit code 0
[2025-09-23 03:28:20] sleeping 58s
[2025-09-23 03:29:18] SELL: cooldown active until 03:58 (AUTO_ENABLE_SELL=true)
[2025-09-23 03:29:18] sleeping 60s
[2025-09-23 03:30:18] SELL: cooldown active until 03:58 (AUTO_ENABLE_SELL=true)
[2025-09-23 03:30:18] sleeping 60s
[2025-09-23 03:31:18] SELL: cooldown active until 03:58 (AUTO_ENABLE_SELL=true)
[2025-09-23 03:31:18] sleeping 60s
[2025-09-23 03:32:18] SELL: cooldown active until 03:58 (AUTO_ENABLE_SELL=true)
[2025-09-23 03:32:18] sleeping 60s
[2025-09-23 03:33:18] SELL: cooldown active until 03:58 (AUTO_ENABLE_SELL=true)
[2025-09-23 03:33:18] sleeping 60s
[2025-09-23 03:34:18] SELL: cooldown active until 03:58 (AUTO_ENABLE_SELL=true)
[2025-09-23 03:34:18] sleeping 60s
[2025-09-23 03:35:19] SELL: cooldown active until 03:58 (AUTO_ENABLE_SELL=true)
[2025-09-23 03:35:19] sleeping 60s
[2025-09-23 03:36:19] SELL: cooldown active until 03:58 (AUTO_ENABLE_SELL=true)
[2025-09-23 03:36:19] sleeping 60s
[2025-09-23 03:37:19] SELL: cooldown active until 03:58 (AUTO_ENABLE_SELL=true)
[2025-09-23 03:37:19] sleeping 60s
[2025-09-23 03:38:19] SELL: cooldown active until 03:58 (AUTO_ENABLE_SELL=true)
[2025-09-23 03:38:19] sleeping 60s
[2025-09-23 03:39:19] SELL: cooldown active until 03:58 (AUTO_ENABLE_SELL=true)
[2025-09-23 03:39:19] sleeping 60s
[2025-09-23 03:40:19] SELL: cooldown active until 03:58 (AUTO_ENABLE_SELL=true)
[2025-09-23 03:40:19] sleeping 60s
[2025-09-23 03:41:19] SELL: cooldown active until 03:58 (AUTO_ENABLE_SELL=true)
[2025-09-23 03:41:19] sleeping 60s
[2025-09-23 03:42:19] SELL: cooldown active until 03:58 (AUTO_ENABLE_SELL=true)
[2025-09-23 03:42:19] sleeping 60s
[2025-09-23 03:43:19] SELL: cooldown active until 03:58 (AUTO_ENABLE_SELL=true)
[2025-09-23 03:43:19] sleeping 60s
[2025-09-23 03:44:19] SELL: cooldown active until 03:58 (AUTO_ENABLE_SELL=true)
[2025-09-23 03:44:19] sleeping 60s
[2025-09-23 03:45:20] SELL: cooldown active until 03:58 (AUTO_ENABLE_SELL=true)
[2025-09-23 03:45:20] sleeping 60s
[2025-09-23 03:46:20] SELL: cooldown active until 03:58 (AUTO_ENABLE_SELL=true)
[2025-09-23 03:46:20] sleeping 60s
[2025-09-23 03:47:20] SELL: cooldown active until 03:58 (AUTO_ENABLE_SELL=true)
[2025-09-23 03:47:20] sleeping 60s
[2025-09-23 03:48:20] SELL: cooldown active until 03:58 (AUTO_ENABLE_SELL=true)
[2025-09-23 03:48:20] sleeping 60s
[2025-09-23 03:49:20] SELL: cooldown active until 03:58 (AUTO_ENABLE_SELL=true)
[2025-09-23 03:49:20] sleeping 60s
[2025-09-23 03:50:20] SELL: cooldown active until 03:58 (AUTO_ENABLE_SELL=true)
[2025-09-23 03:50:20] sleeping 60s
[2025-09-23 03:51:20] SELL: cooldown active until 03:58 (AUTO_ENABLE_SELL=true)
[2025-09-23 03:51:20] sleeping 60s
[2025-09-23 03:52:20] SELL: cooldown active until 03:58 (AUTO_ENABLE_SELL=true)
[2025-09-23 03:52:20] sleeping 60s
[2025-09-23 03:53:20] SELL: cooldown active until 03:58 (AUTO_ENABLE_SELL=true)
[2025-09-23 03:53:20] sleeping 60s
[2025-09-23 03:54:20] SELL: cooldown active until 03:58 (AUTO_ENABLE_SELL=true)
[2025-09-23 03:54:20] sleeping 60s
[2025-09-23 03:55:20] SELL: cooldown active until 03:58 (AUTO_ENABLE_SELL=true)
[2025-09-23 03:55:20] sleeping 60s
[2025-09-23 03:56:20] SELL: cooldown active until 03:58 (AUTO_ENABLE_SELL=true)
[2025-09-23 03:56:20] sleeping 60s
[2025-09-23 03:57:20] SELL: cooldown active until 03:58 (AUTO_ENABLE_SELL=true)
[2025-09-23 03:57:20] sleeping 60s
[2025-09-23 03:58:21] SELL: starting…
2025-09-23 03:58:23 [sell_execute] Recorded SELL: 0.006746476 SOL -> 1.4809 USDC @ 219.5007 USDC/SOL
[2025-09-23 03:58:23] SELL: exit code 0
[2025-09-23 03:58:23] sleeping 58s
[2025-09-23 03:59:21] SELL: cooldown active until 04:28 (AUTO_ENABLE_SELL=true)
[2025-09-23 03:59:21] sleeping 60s
[2025-09-23 04:00:21] SELL: cooldown active until 04:28 (AUTO_ENABLE_SELL=true)
[2025-09-23 04:00:21] sleeping 60s
[2025-09-23 04:01:21] SELL: cooldown active until 04:28 (AUTO_ENABLE_SELL=true)
[2025-09-23 04:01:21] sleeping 60s
[2025-09-23 04:02:21] SELL: cooldown active until 04:28 (AUTO_ENABLE_SELL=true)
[2025-09-23 04:02:21] sleeping 60s
[2025-09-23 04:03:21] SELL: cooldown active until 04:28 (AUTO_ENABLE_SELL=true)
[2025-09-23 04:03:21] sleeping 60s
[2025-09-23 04:04:22] SELL: cooldown active until 04:28 (AUTO_ENABLE_SELL=true)
[2025-09-23 04:04:22] sleeping 60s
[2025-09-23 04:05:22] SELL: cooldown active until 04:28 (AUTO_ENABLE_SELL=true)
[2025-09-23 04:05:22] sleeping 60s
[2025-09-23 04:06:22] SELL: cooldown active until 04:28 (AUTO_ENABLE_SELL=true)
[2025-09-23 04:06:22] sleeping 60s
[2025-09-23 04:07:22] SELL: cooldown active until 04:28 (AUTO_ENABLE_SELL=true)
[2025-09-23 04:07:22] sleeping 60s
[2025-09-23 04:08:22] SELL: cooldown active until 04:28 (AUTO_ENABLE_SELL=true)
[2025-09-23 04:08:22] sleeping 60s
[2025-09-23 04:09:22] SELL: cooldown active until 04:28 (AUTO_ENABLE_SELL=true)
[2025-09-23 04:09:22] sleeping 60s
[2025-09-23 04:10:22] SELL: cooldown active until 04:28 (AUTO_ENABLE_SELL=true)
[2025-09-23 04:10:22] sleeping 60s
[2025-09-23 04:11:22] SELL: cooldown active until 04:28 (AUTO_ENABLE_SELL=true)
[2025-09-23 04:11:22] sleeping 60s
[2025-09-23 04:12:22] SELL: cooldown active until 04:28 (AUTO_ENABLE_SELL=true)
[2025-09-23 04:12:22] sleeping 60s
[2025-09-23 04:13:22] SELL: cooldown active until 04:28 (AUTO_ENABLE_SELL=true)
[2025-09-23 04:13:22] sleeping 60s
[2025-09-23 04:14:22] SELL: cooldown active until 04:28 (AUTO_ENABLE_SELL=true)
[2025-09-23 04:14:22] sleeping 60s
[2025-09-23 04:15:22] SELL: cooldown active until 04:28 (AUTO_ENABLE_SELL=true)
[2025-09-23 04:15:22] sleeping 60s
[2025-09-23 04:16:22] SELL: cooldown active until 04:28 (AUTO_ENABLE_SELL=true)
[2025-09-23 04:16:22] sleeping 60s
[2025-09-23 04:17:22] SELL: cooldown active until 04:28 (AUTO_ENABLE_SELL=true)
[2025-09-23 04:17:22] sleeping 60s
[2025-09-23 04:18:23] SELL: cooldown active until 04:28 (AUTO_ENABLE_SELL=true)
[2025-09-23 04:18:23] sleeping 60s
[2025-09-23 04:19:23] SELL: cooldown active until 04:28 (AUTO_ENABLE_SELL=true)
[2025-09-23 04:19:23] sleeping 60s
[2025-09-23 04:20:23] SELL: cooldown active until 04:28 (AUTO_ENABLE_SELL=true)
[2025-09-23 04:20:23] sleeping 60s
[2025-09-23 04:21:23] SELL: cooldown active until 04:28 (AUTO_ENABLE_SELL=true)
[2025-09-23 04:21:23] sleeping 60s
[2025-09-23 04:22:23] SELL: cooldown active until 04:28 (AUTO_ENABLE_SELL=true)
[2025-09-23 04:22:23] sleeping 60s
[2025-09-23 04:23:23] SELL: cooldown active until 04:28 (AUTO_ENABLE_SELL=true)
[2025-09-23 04:23:23] sleeping 60s
[2025-09-23 04:24:23] SELL: cooldown active until 04:28 (AUTO_ENABLE_SELL=true)
[2025-09-23 04:24:23] sleeping 60s
[2025-09-23 04:25:23] SELL: cooldown active until 04:28 (AUTO_ENABLE_SELL=true)
[2025-09-23 04:25:23] sleeping 60s
[2025-09-23 04:26:23] SELL: cooldown active until 04:28 (AUTO_ENABLE_SELL=true)
[2025-09-23 04:26:23] sleeping 60s
[2025-09-23 04:27:23] SELL: cooldown active until 04:28 (AUTO_ENABLE_SELL=true)
[2025-09-23 04:27:23] sleeping 60s
[2025-09-23 04:28:23] SELL: starting…
2025-09-23 04:28:25 [sell_execute] Recorded SELL: 0.006746476 SOL -> 1.4794 USDC @ 219.2831 USDC/SOL
[2025-09-23 04:28:25] SELL: exit code 0
[2025-09-23 04:28:26] sleeping 58s
[2025-09-23 04:29:24] SELL: cooldown active until 04:58 (AUTO_ENABLE_SELL=true)
[2025-09-23 04:29:24] sleeping 60s
[2025-09-23 04:30:24] SELL: cooldown active until 04:58 (AUTO_ENABLE_SELL=true)
[2025-09-23 04:30:24] sleeping 60s
[2025-09-23 04:31:24] SELL: cooldown active until 04:58 (AUTO_ENABLE_SELL=true)
[2025-09-23 04:31:24] sleeping 60s
[2025-09-23 04:32:24] SELL: cooldown active until 04:58 (AUTO_ENABLE_SELL=true)
[2025-09-23 04:32:24] sleeping 60s
[2025-09-23 04:33:24] SELL: cooldown active until 04:58 (AUTO_ENABLE_SELL=true)
[2025-09-23 04:33:24] sleeping 60s
[2025-09-23 04:34:24] SELL: cooldown active until 04:58 (AUTO_ENABLE_SELL=true)
[2025-09-23 04:34:24] sleeping 60s
[2025-09-23 04:35:24] SELL: cooldown active until 04:58 (AUTO_ENABLE_SELL=true)
[2025-09-23 04:35:24] sleeping 60s
[2025-09-23 04:36:24] SELL: cooldown active until 04:58 (AUTO_ENABLE_SELL=true)
[2025-09-23 04:36:24] sleeping 60s
[2025-09-23 04:37:25] SELL: cooldown active until 04:58 (AUTO_ENABLE_SELL=true)
[2025-09-23 04:37:25] sleeping 60s
[2025-09-23 04:38:25] SELL: cooldown active until 04:58 (AUTO_ENABLE_SELL=true)
[2025-09-23 04:38:25] sleeping 60s
[2025-09-23 04:39:25] SELL: cooldown active until 04:58 (AUTO_ENABLE_SELL=true)
[2025-09-23 04:39:25] sleeping 60s
[2025-09-23 04:40:25] SELL: cooldown active until 04:58 (AUTO_ENABLE_SELL=true)
[2025-09-23 04:40:25] sleeping 60s
[2025-09-23 04:41:25] SELL: cooldown active until 04:58 (AUTO_ENABLE_SELL=true)
[2025-09-23 04:41:25] sleeping 60s
[2025-09-23 04:42:25] SELL: cooldown active until 04:58 (AUTO_ENABLE_SELL=true)
[2025-09-23 04:42:25] sleeping 60s
[2025-09-23 04:43:25] SELL: cooldown active until 04:58 (AUTO_ENABLE_SELL=true)
[2025-09-23 04:43:25] sleeping 60s
[2025-09-23 04:44:25] SELL: cooldown active until 04:58 (AUTO_ENABLE_SELL=true)
[2025-09-23 04:44:25] sleeping 60s
[2025-09-23 04:45:25] SELL: cooldown active until 04:58 (AUTO_ENABLE_SELL=true)
[2025-09-23 04:45:25] sleeping 60s
[2025-09-23 04:46:25] SELL: cooldown active until 04:58 (AUTO_ENABLE_SELL=true)
[2025-09-23 04:46:25] sleeping 60s
[2025-09-23 04:47:25] SELL: cooldown active until 04:58 (AUTO_ENABLE_SELL=true)
[2025-09-23 04:47:25] sleeping 60s
[2025-09-23 04:48:25] SELL: cooldown active until 04:58 (AUTO_ENABLE_SELL=true)
[2025-09-23 04:48:25] sleeping 60s
[2025-09-23 04:49:25] SELL: cooldown active until 04:58 (AUTO_ENABLE_SELL=true)
[2025-09-23 04:49:25] sleeping 60s
[2025-09-23 04:50:25] SELL: cooldown active until 04:58 (AUTO_ENABLE_SELL=true)
[2025-09-23 04:50:25] sleeping 60s
[2025-09-23 04:51:26] SELL: cooldown active until 04:58 (AUTO_ENABLE_SELL=true)
[2025-09-23 04:51:26] sleeping 60s
[2025-09-23 04:52:26] SELL: cooldown active until 04:58 (AUTO_ENABLE_SELL=true)
[2025-09-23 04:52:26] sleeping 60s
[2025-09-23 04:53:26] SELL: cooldown active until 04:58 (AUTO_ENABLE_SELL=true)
[2025-09-23 04:53:26] sleeping 60s
[2025-09-23 04:54:26] SELL: cooldown active until 04:58 (AUTO_ENABLE_SELL=true)
[2025-09-23 04:54:26] sleeping 60s
[2025-09-23 04:55:26] SELL: cooldown active until 04:58 (AUTO_ENABLE_SELL=true)
[2025-09-23 04:55:26] sleeping 60s
[2025-09-23 04:56:26] SELL: cooldown active until 04:58 (AUTO_ENABLE_SELL=true)
[2025-09-23 04:56:26] sleeping 60s
[2025-09-23 04:57:26] SELL: cooldown active until 04:58 (AUTO_ENABLE_SELL=true)
[2025-09-23 04:57:26] sleeping 60s
[2025-09-23 04:58:26] SELL: starting…
2025-09-23 04:58:29 [sell_execute] Recorded SELL: 0.006746476 SOL -> 1.4786 USDC @ 219.1698 USDC/SOL
[2025-09-23 04:58:29] SELL: exit code 0
[2025-09-23 04:58:29] sleeping 58s
[2025-09-23 04:59:27] SELL: cooldown active until 05:28 (AUTO_ENABLE_SELL=true)
[2025-09-23 04:59:27] sleeping 60s
[2025-09-23 05:00:27] SELL: cooldown active until 05:28 (AUTO_ENABLE_SELL=true)
[2025-09-23 05:00:27] sleeping 60s
[2025-09-23 05:01:27] SELL: cooldown active until 05:28 (AUTO_ENABLE_SELL=true)
[2025-09-23 05:01:27] sleeping 60s
[2025-09-23 05:02:27] SELL: cooldown active until 05:28 (AUTO_ENABLE_SELL=true)
[2025-09-23 05:02:27] sleeping 60s
[2025-09-23 05:03:27] SELL: cooldown active until 05:28 (AUTO_ENABLE_SELL=true)
[2025-09-23 05:03:27] sleeping 60s
[2025-09-23 05:04:27] SELL: cooldown active until 05:28 (AUTO_ENABLE_SELL=true)
[2025-09-23 05:04:27] sleeping 60s
[2025-09-23 05:05:27] SELL: cooldown active until 05:28 (AUTO_ENABLE_SELL=true)
[2025-09-23 05:05:27] sleeping 60s
[2025-09-23 05:06:28] SELL: cooldown active until 05:28 (AUTO_ENABLE_SELL=true)
[2025-09-23 05:06:28] sleeping 60s
[2025-09-23 05:07:28] SELL: cooldown active until 05:28 (AUTO_ENABLE_SELL=true)
[2025-09-23 05:07:28] sleeping 60s
[2025-09-23 05:08:28] SELL: cooldown active until 05:28 (AUTO_ENABLE_SELL=true)
[2025-09-23 05:08:28] sleeping 60s
[2025-09-23 05:09:28] SELL: cooldown active until 05:28 (AUTO_ENABLE_SELL=true)
[2025-09-23 05:09:28] sleeping 60s
[2025-09-23 05:10:28] SELL: cooldown active until 05:28 (AUTO_ENABLE_SELL=true)
[2025-09-23 05:10:28] sleeping 60s
[2025-09-23 05:11:28] SELL: cooldown active until 05:28 (AUTO_ENABLE_SELL=true)
[2025-09-23 05:11:28] sleeping 60s
[2025-09-23 05:12:28] SELL: cooldown active until 05:28 (AUTO_ENABLE_SELL=true)
[2025-09-23 05:12:28] sleeping 60s
[2025-09-23 05:13:28] SELL: cooldown active until 05:28 (AUTO_ENABLE_SELL=true)
[2025-09-23 05:13:28] sleeping 60s
[2025-09-23 05:14:28] SELL: cooldown active until 05:28 (AUTO_ENABLE_SELL=true)
[2025-09-23 05:14:28] sleeping 60s
[2025-09-23 05:15:28] SELL: cooldown active until 05:28 (AUTO_ENABLE_SELL=true)
[2025-09-23 05:15:28] sleeping 60s
[2025-09-23 05:16:28] SELL: cooldown active until 05:28 (AUTO_ENABLE_SELL=true)
[2025-09-23 05:16:28] sleeping 60s
[2025-09-23 05:17:28] SELL: cooldown active until 05:28 (AUTO_ENABLE_SELL=true)
[2025-09-23 05:17:28] sleeping 60s
[2025-09-23 05:18:29] SELL: cooldown active until 05:28 (AUTO_ENABLE_SELL=true)
[2025-09-23 05:18:29] sleeping 60s
[2025-09-23 05:19:29] SELL: cooldown active until 05:28 (AUTO_ENABLE_SELL=true)
[2025-09-23 05:19:29] sleeping 60s
[2025-09-23 05:20:29] SELL: cooldown active until 05:28 (AUTO_ENABLE_SELL=true)
[2025-09-23 05:20:29] sleeping 60s
[2025-09-23 05:21:29] SELL: cooldown active until 05:28 (AUTO_ENABLE_SELL=true)
[2025-09-23 05:21:29] BUY: starting…
[2025-09-23 05:21:30] BUY: exit code 0
[2025-09-23 05:21:30] sleeping 59s
[2025-09-23 05:22:29] SELL: cooldown active until 05:28 (AUTO_ENABLE_SELL=true)
[2025-09-23 05:22:29] sleeping 60s
[2025-09-23 05:23:29] SELL: cooldown active until 05:28 (AUTO_ENABLE_SELL=true)
[2025-09-23 05:23:29] sleeping 60s
[2025-09-23 05:24:29] SELL: cooldown active until 05:28 (AUTO_ENABLE_SELL=true)
[2025-09-23 05:24:29] sleeping 60s
[2025-09-23 05:25:29] SELL: cooldown active until 05:28 (AUTO_ENABLE_SELL=true)
[2025-09-23 05:25:29] sleeping 60s
[2025-09-23 05:26:29] SELL: cooldown active until 05:28 (AUTO_ENABLE_SELL=true)
[2025-09-23 05:26:29] sleeping 60s
[2025-09-23 05:27:29] SELL: cooldown active until 05:28 (AUTO_ENABLE_SELL=true)
[2025-09-23 05:27:29] sleeping 60s
[2025-09-23 05:28:30] SELL: starting…
2025-09-23 05:28:31 [sell_execute] Recorded SELL: 0.006746476 SOL -> 1.4859 USDC @ 220.2534 USDC/SOL
[2025-09-23 05:28:32] SELL: exit code 0
[2025-09-23 05:28:32] sleeping 58s
[2025-09-23 05:29:30] SELL: cooldown active until 05:58 (AUTO_ENABLE_SELL=true)
[2025-09-23 05:29:30] sleeping 60s
[2025-09-23 05:30:30] SELL: cooldown active until 05:58 (AUTO_ENABLE_SELL=true)
[2025-09-23 05:30:30] sleeping 60s
[2025-09-23 05:31:30] SELL: cooldown active until 05:58 (AUTO_ENABLE_SELL=true)
[2025-09-23 05:31:30] sleeping 60s
[2025-09-23 05:32:30] SELL: cooldown active until 05:58 (AUTO_ENABLE_SELL=true)
[2025-09-23 05:32:30] sleeping 60s
[2025-09-23 05:33:30] SELL: cooldown active until 05:58 (AUTO_ENABLE_SELL=true)
[2025-09-23 05:33:30] sleeping 60s
[2025-09-23 05:34:30] SELL: cooldown active until 05:58 (AUTO_ENABLE_SELL=true)
[2025-09-23 05:34:30] sleeping 60s
[2025-09-23 05:35:30] SELL: cooldown active until 05:58 (AUTO_ENABLE_SELL=true)
[2025-09-23 05:35:30] sleeping 60s
[2025-09-23 05:36:30] SELL: cooldown active until 05:58 (AUTO_ENABLE_SELL=true)
[2025-09-23 05:36:30] sleeping 60s
[2025-09-23 05:37:30] SELL: cooldown active until 05:58 (AUTO_ENABLE_SELL=true)
[2025-09-23 05:37:30] sleeping 60s
[2025-09-23 05:38:31] SELL: cooldown active until 05:58 (AUTO_ENABLE_SELL=true)
[2025-09-23 05:38:31] sleeping 60s
[2025-09-23 05:39:31] SELL: cooldown active until 05:58 (AUTO_ENABLE_SELL=true)
[2025-09-23 05:39:31] sleeping 60s
[2025-09-23 05:40:31] SELL: cooldown active until 05:58 (AUTO_ENABLE_SELL=true)
[2025-09-23 05:40:31] sleeping 60s
[2025-09-23 05:41:31] SELL: cooldown active until 05:58 (AUTO_ENABLE_SELL=true)
[2025-09-23 05:41:31] sleeping 60s
[2025-09-23 05:42:31] SELL: cooldown active until 05:58 (AUTO_ENABLE_SELL=true)
[2025-09-23 05:42:31] sleeping 60s
[2025-09-23 05:43:31] SELL: cooldown active until 05:58 (AUTO_ENABLE_SELL=true)
[2025-09-23 05:43:31] sleeping 60s
[2025-09-23 05:44:31] SELL: cooldown active until 05:58 (AUTO_ENABLE_SELL=true)
[2025-09-23 05:44:31] sleeping 60s
[2025-09-23 05:45:31] SELL: cooldown active until 05:58 (AUTO_ENABLE_SELL=true)
[2025-09-23 05:45:31] sleeping 60s
[2025-09-23 05:46:31] SELL: cooldown active until 05:58 (AUTO_ENABLE_SELL=true)
[2025-09-23 05:46:31] sleeping 60s
[2025-09-23 05:47:31] SELL: cooldown active until 05:58 (AUTO_ENABLE_SELL=true)
[2025-09-23 05:47:31] sleeping 60s
[2025-09-23 05:48:31] SELL: cooldown active until 05:58 (AUTO_ENABLE_SELL=true)
[2025-09-23 05:48:31] sleeping 60s
[2025-09-23 05:49:31] SELL: cooldown active until 05:58 (AUTO_ENABLE_SELL=true)
[2025-09-23 05:49:31] sleeping 60s
[2025-09-23 05:50:32] SELL: cooldown active until 05:58 (AUTO_ENABLE_SELL=true)
[2025-09-23 05:50:32] sleeping 60s
[2025-09-23 05:51:32] SELL: cooldown active until 05:58 (AUTO_ENABLE_SELL=true)
[2025-09-23 05:51:32] sleeping 60s
[2025-09-23 05:52:32] SELL: cooldown active until 05:58 (AUTO_ENABLE_SELL=true)
[2025-09-23 05:52:32] sleeping 60s
[2025-09-23 05:53:32] SELL: cooldown active until 05:58 (AUTO_ENABLE_SELL=true)
[2025-09-23 05:53:32] sleeping 60s
[2025-09-23 05:54:32] SELL: cooldown active until 05:58 (AUTO_ENABLE_SELL=true)
[2025-09-23 05:54:32] sleeping 60s
[2025-09-23 05:55:32] SELL: cooldown active until 05:58 (AUTO_ENABLE_SELL=true)
[2025-09-23 05:55:32] sleeping 60s
[2025-09-23 05:56:32] SELL: cooldown active until 05:58 (AUTO_ENABLE_SELL=true)
[2025-09-23 05:56:32] sleeping 60s
[2025-09-23 05:57:32] SELL: cooldown active until 05:58 (AUTO_ENABLE_SELL=true)
[2025-09-23 05:57:32] sleeping 60s
[2025-09-23 05:58:32] SELL: starting…
2025-09-23 05:58:35 [sell_execute] Recorded SELL: 0.006746476 SOL -> 1.4862 USDC @ 220.2987 USDC/SOL
[2025-09-23 05:58:35] SELL: exit code 0
[2025-09-23 05:58:35] sleeping 58s
[2025-09-23 05:59:33] SELL: cooldown active until 06:28 (AUTO_ENABLE_SELL=true)
[2025-09-23 05:59:33] sleeping 60s
[2025-09-23 06:00:33] SELL: cooldown active until 06:28 (AUTO_ENABLE_SELL=true)
[2025-09-23 06:00:33] sleeping 60s
[2025-09-23 06:01:33] SELL: cooldown active until 06:28 (AUTO_ENABLE_SELL=true)
[2025-09-23 06:01:33] sleeping 60s
[2025-09-23 06:02:33] SELL: cooldown active until 06:28 (AUTO_ENABLE_SELL=true)
[2025-09-23 06:02:33] sleeping 60s
[2025-09-23 06:03:34] SELL: cooldown active until 06:28 (AUTO_ENABLE_SELL=true)
[2025-09-23 06:03:34] sleeping 60s
[2025-09-23 06:04:34] SELL: cooldown active until 06:28 (AUTO_ENABLE_SELL=true)
[2025-09-23 06:04:34] sleeping 60s
[2025-09-23 06:05:34] SELL: cooldown active until 06:28 (AUTO_ENABLE_SELL=true)
[2025-09-23 06:05:34] sleeping 60s
[2025-09-23 06:06:34] SELL: cooldown active until 06:28 (AUTO_ENABLE_SELL=true)
[2025-09-23 06:06:34] sleeping 60s
[2025-09-23 06:07:34] SELL: cooldown active until 06:28 (AUTO_ENABLE_SELL=true)
[2025-09-23 06:07:34] sleeping 60s
[2025-09-23 06:08:34] SELL: cooldown active until 06:28 (AUTO_ENABLE_SELL=true)
[2025-09-23 06:08:34] sleeping 60s
[2025-09-23 06:09:34] SELL: cooldown active until 06:28 (AUTO_ENABLE_SELL=true)
[2025-09-23 06:09:34] sleeping 60s
[2025-09-23 06:10:34] SELL: cooldown active until 06:28 (AUTO_ENABLE_SELL=true)
[2025-09-23 06:10:34] sleeping 60s
[2025-09-23 06:11:34] SELL: cooldown active until 06:28 (AUTO_ENABLE_SELL=true)
[2025-09-23 06:11:34] sleeping 60s
[2025-09-23 06:12:34] SELL: cooldown active until 06:28 (AUTO_ENABLE_SELL=true)
[2025-09-23 06:12:34] sleeping 60s
[2025-09-23 06:13:34] SELL: cooldown active until 06:28 (AUTO_ENABLE_SELL=true)
[2025-09-23 06:13:34] sleeping 60s
[2025-09-23 06:14:34] SELL: cooldown active until 06:28 (AUTO_ENABLE_SELL=true)
[2025-09-23 06:14:34] sleeping 60s
[2025-09-23 06:15:35] SELL: cooldown active until 06:28 (AUTO_ENABLE_SELL=true)
[2025-09-23 06:15:35] sleeping 60s
[2025-09-23 06:16:35] SELL: cooldown active until 06:28 (AUTO_ENABLE_SELL=true)
[2025-09-23 06:16:35] sleeping 60s
[2025-09-23 06:17:35] SELL: cooldown active until 06:28 (AUTO_ENABLE_SELL=true)
[2025-09-23 06:17:35] sleeping 60s
[2025-09-23 06:18:35] SELL: cooldown active until 06:28 (AUTO_ENABLE_SELL=true)
[2025-09-23 06:18:35] sleeping 60s
[2025-09-23 06:19:35] SELL: cooldown active until 06:28 (AUTO_ENABLE_SELL=true)
[2025-09-23 06:19:35] sleeping 60s
[2025-09-23 06:20:35] SELL: cooldown active until 06:28 (AUTO_ENABLE_SELL=true)
[2025-09-23 06:20:35] sleeping 60s
[2025-09-23 06:21:35] SELL: cooldown active until 06:28 (AUTO_ENABLE_SELL=true)
[2025-09-23 06:21:35] sleeping 60s
[2025-09-23 06:22:35] SELL: cooldown active until 06:28 (AUTO_ENABLE_SELL=true)
[2025-09-23 06:22:35] sleeping 60s
[2025-09-23 06:23:35] SELL: cooldown active until 06:28 (AUTO_ENABLE_SELL=true)
[2025-09-23 06:23:35] sleeping 60s
[2025-09-23 06:24:35] SELL: cooldown active until 06:28 (AUTO_ENABLE_SELL=true)
[2025-09-23 06:24:35] sleeping 60s
[2025-09-23 06:25:35] SELL: cooldown active until 06:28 (AUTO_ENABLE_SELL=true)
[2025-09-23 06:25:35] sleeping 60s
[2025-09-23 06:26:35] SELL: cooldown active until 06:28 (AUTO_ENABLE_SELL=true)
[2025-09-23 06:26:35] sleeping 60s
[2025-09-23 06:27:36] SELL: cooldown active until 06:28 (AUTO_ENABLE_SELL=true)
[2025-09-23 06:27:36] sleeping 60s
[2025-09-23 06:28:36] SELL: starting…
2025-09-23 06:28:38 [sell_execute] Recorded SELL: 0.006746476 SOL -> 1.4804 USDC @ 219.4331 USDC/SOL
[2025-09-23 06:28:38] SELL: exit code 0
[2025-09-23 06:28:38] sleeping 58s
[2025-09-23 06:29:36] SELL: cooldown active until 06:58 (AUTO_ENABLE_SELL=true)
[2025-09-23 06:29:36] sleeping 60s
[2025-09-23 06:30:36] SELL: cooldown active until 06:58 (AUTO_ENABLE_SELL=true)
[2025-09-23 06:30:36] sleeping 60s
[2025-09-23 06:31:36] SELL: cooldown active until 06:58 (AUTO_ENABLE_SELL=true)
[2025-09-23 06:31:36] sleeping 60s
[2025-09-23 06:32:36] SELL: cooldown active until 06:58 (AUTO_ENABLE_SELL=true)
[2025-09-23 06:32:36] sleeping 60s
[2025-09-23 06:33:36] SELL: cooldown active until 06:58 (AUTO_ENABLE_SELL=true)
[2025-09-23 06:33:36] sleeping 60s
[2025-09-23 06:34:36] SELL: cooldown active until 06:58 (AUTO_ENABLE_SELL=true)
[2025-09-23 06:34:36] sleeping 60s
[2025-09-23 06:35:36] SELL: cooldown active until 06:58 (AUTO_ENABLE_SELL=true)
[2025-09-23 06:35:36] sleeping 60s
[2025-09-23 06:36:36] SELL: cooldown active until 06:58 (AUTO_ENABLE_SELL=true)
[2025-09-23 06:36:36] sleeping 60s
[2025-09-23 06:37:37] SELL: cooldown active until 06:58 (AUTO_ENABLE_SELL=true)
[2025-09-23 06:37:37] sleeping 60s
[2025-09-23 06:38:37] SELL: cooldown active until 06:58 (AUTO_ENABLE_SELL=true)
[2025-09-23 06:38:37] sleeping 60s
[2025-09-23 06:39:37] SELL: cooldown active until 06:58 (AUTO_ENABLE_SELL=true)
[2025-09-23 06:39:37] sleeping 60s
[2025-09-23 06:40:37] SELL: cooldown active until 06:58 (AUTO_ENABLE_SELL=true)
[2025-09-23 06:40:37] sleeping 60s
[2025-09-23 06:41:37] SELL: cooldown active until 06:58 (AUTO_ENABLE_SELL=true)
[2025-09-23 06:41:37] sleeping 60s
[2025-09-23 06:42:37] SELL: cooldown active until 06:58 (AUTO_ENABLE_SELL=true)
[2025-09-23 06:42:37] sleeping 60s
[2025-09-23 06:43:37] SELL: cooldown active until 06:58 (AUTO_ENABLE_SELL=true)
[2025-09-23 06:43:37] sleeping 60s
[2025-09-23 06:44:37] SELL: cooldown active until 06:58 (AUTO_ENABLE_SELL=true)
[2025-09-23 06:44:37] sleeping 60s
[2025-09-23 06:45:37] SELL: cooldown active until 06:58 (AUTO_ENABLE_SELL=true)
[2025-09-23 06:45:37] sleeping 60s
[2025-09-23 06:46:37] SELL: cooldown active until 06:58 (AUTO_ENABLE_SELL=true)
[2025-09-23 06:46:37] sleeping 60s
[2025-09-23 06:47:37] SELL: cooldown active until 06:58 (AUTO_ENABLE_SELL=true)
[2025-09-23 06:47:37] sleeping 60s
[2025-09-23 06:48:37] SELL: cooldown active until 06:58 (AUTO_ENABLE_SELL=true)
[2025-09-23 06:48:37] sleeping 60s
[2025-09-23 06:49:37] SELL: cooldown active until 06:58 (AUTO_ENABLE_SELL=true)
[2025-09-23 06:49:37] sleeping 60s
[2025-09-23 06:50:37] SELL: cooldown active until 06:58 (AUTO_ENABLE_SELL=true)
[2025-09-23 06:50:38] sleeping 60s
[2025-09-23 06:51:38] SELL: cooldown active until 06:58 (AUTO_ENABLE_SELL=true)
[2025-09-23 06:51:38] sleeping 60s
[2025-09-23 06:52:38] SELL: cooldown active until 06:58 (AUTO_ENABLE_SELL=true)
[2025-09-23 06:52:38] sleeping 60s
[2025-09-23 06:53:38] SELL: cooldown active until 06:58 (AUTO_ENABLE_SELL=true)
[2025-09-23 06:53:38] sleeping 60s
[2025-09-23 06:54:38] SELL: cooldown active until 06:58 (AUTO_ENABLE_SELL=true)
[2025-09-23 06:54:38] sleeping 60s
[2025-09-23 06:55:38] SELL: cooldown active until 06:58 (AUTO_ENABLE_SELL=true)
[2025-09-23 06:55:38] sleeping 60s
[2025-09-23 06:56:38] SELL: cooldown active until 06:58 (AUTO_ENABLE_SELL=true)
[2025-09-23 06:56:38] sleeping 60s
[2025-09-23 06:57:38] SELL: cooldown active until 06:58 (AUTO_ENABLE_SELL=true)
[2025-09-23 06:57:38] sleeping 60s
[2025-09-23 06:58:38] SELL: starting…
2025-09-23 06:58:40 [sell_execute] Recorded SELL: 0.006746476 SOL -> 1.4767 USDC @ 218.8799 USDC/SOL
[2025-09-23 06:58:41] SELL: exit code 0
[2025-09-23 06:58:41] sleeping 58s
[2025-09-23 06:59:39] SELL: cooldown active until 07:28 (AUTO_ENABLE_SELL=true)
[2025-09-23 06:59:39] sleeping 60s
[2025-09-23 07:00:39] SELL: cooldown active until 07:28 (AUTO_ENABLE_SELL=true)
[2025-09-23 07:00:39] sleeping 60s
[2025-09-23 07:01:39] SELL: cooldown active until 07:28 (AUTO_ENABLE_SELL=true)
[2025-09-23 07:01:39] sleeping 60s
[2025-09-23 07:02:39] SELL: cooldown active until 07:28 (AUTO_ENABLE_SELL=true)
[2025-09-23 07:02:39] sleeping 60s
[2025-09-23 07:03:39] SELL: cooldown active until 07:28 (AUTO_ENABLE_SELL=true)
[2025-09-23 07:03:39] sleeping 60s
[2025-09-23 07:04:39] SELL: cooldown active until 07:28 (AUTO_ENABLE_SELL=true)
[2025-09-23 07:04:39] sleeping 60s
[2025-09-23 07:05:39] SELL: cooldown active until 07:28 (AUTO_ENABLE_SELL=true)
[2025-09-23 07:05:39] sleeping 60s
[2025-09-23 07:06:39] SELL: cooldown active until 07:28 (AUTO_ENABLE_SELL=true)
[2025-09-23 07:06:39] sleeping 60s
[2025-09-23 07:07:39] SELL: cooldown active until 07:28 (AUTO_ENABLE_SELL=true)
[2025-09-23 07:07:39] sleeping 60s
[2025-09-23 07:08:39] SELL: cooldown active until 07:28 (AUTO_ENABLE_SELL=true)
[2025-09-23 07:08:39] sleeping 60s
[2025-09-23 07:09:39] SELL: cooldown active until 07:28 (AUTO_ENABLE_SELL=true)
[2025-09-23 07:09:39] sleeping 60s
[2025-09-23 07:10:40] SELL: cooldown active until 07:28 (AUTO_ENABLE_SELL=true)
[2025-09-23 07:10:40] sleeping 60s
[2025-09-23 07:11:40] SELL: cooldown active until 07:28 (AUTO_ENABLE_SELL=true)
[2025-09-23 07:11:40] sleeping 60s
[2025-09-23 07:12:40] SELL: cooldown active until 07:28 (AUTO_ENABLE_SELL=true)
[2025-09-23 07:12:40] sleeping 60s
[2025-09-23 07:13:40] SELL: cooldown active until 07:28 (AUTO_ENABLE_SELL=true)
[2025-09-23 07:13:40] sleeping 60s
[2025-09-23 07:14:40] SELL: cooldown active until 07:28 (AUTO_ENABLE_SELL=true)
[2025-09-23 07:14:40] sleeping 60s
[2025-09-23 07:15:40] SELL: cooldown active until 07:28 (AUTO_ENABLE_SELL=true)
[2025-09-23 07:15:40] sleeping 60s
[2025-09-23 07:16:40] SELL: cooldown active until 07:28 (AUTO_ENABLE_SELL=true)
[2025-09-23 07:16:40] sleeping 60s
[2025-09-23 07:17:40] SELL: cooldown active until 07:28 (AUTO_ENABLE_SELL=true)
[2025-09-23 07:17:40] sleeping 60s
[2025-09-23 07:18:40] SELL: cooldown active until 07:28 (AUTO_ENABLE_SELL=true)
[2025-09-23 07:18:40] sleeping 60s
[2025-09-23 07:19:40] SELL: cooldown active until 07:28 (AUTO_ENABLE_SELL=true)
[2025-09-23 07:19:40] sleeping 60s
[2025-09-23 07:20:40] SELL: cooldown active until 07:28 (AUTO_ENABLE_SELL=true)
[2025-09-23 07:20:40] sleeping 60s
[2025-09-23 07:21:40] SELL: cooldown active until 07:28 (AUTO_ENABLE_SELL=true)
[2025-09-23 07:21:40] sleeping 60s
[2025-09-23 07:22:40] SELL: cooldown active until 07:28 (AUTO_ENABLE_SELL=true)
[2025-09-23 07:22:40] sleeping 60s
[2025-09-23 07:23:40] SELL: cooldown active until 07:28 (AUTO_ENABLE_SELL=true)
[2025-09-23 07:23:40] sleeping 60s
[2025-09-23 07:24:41] SELL: cooldown active until 07:28 (AUTO_ENABLE_SELL=true)
[2025-09-23 07:24:41] sleeping 60s
[2025-09-23 07:25:41] SELL: cooldown active until 07:28 (AUTO_ENABLE_SELL=true)
[2025-09-23 07:25:41] sleeping 60s
[2025-09-23 07:26:41] SELL: cooldown active until 07:28 (AUTO_ENABLE_SELL=true)
[2025-09-23 07:26:41] sleeping 60s
[2025-09-23 07:27:41] SELL: cooldown active until 07:28 (AUTO_ENABLE_SELL=true)
[2025-09-23 07:27:41] sleeping 60s
[2025-09-23 07:28:41] SELL: starting…
2025-09-23 07:28:43 [sell_execute] Recorded SELL: 0.006746476 SOL -> 1.4762 USDC @ 218.8122 USDC/SOL
[2025-09-23 07:28:43] SELL: exit code 0
[2025-09-23 07:28:44] sleeping 58s
[2025-09-23 07:29:42] SELL: cooldown active until 07:58 (AUTO_ENABLE_SELL=true)
[2025-09-23 07:29:42] sleeping 60s
[2025-09-23 07:30:42] SELL: cooldown active until 07:58 (AUTO_ENABLE_SELL=true)
[2025-09-23 07:30:42] sleeping 60s
[2025-09-23 07:31:42] SELL: cooldown active until 07:58 (AUTO_ENABLE_SELL=true)
[2025-09-23 07:31:42] sleeping 60s
[2025-09-23 07:32:42] SELL: cooldown active until 07:58 (AUTO_ENABLE_SELL=true)
[2025-09-23 07:32:42] sleeping 60s
[2025-09-23 07:33:42] SELL: cooldown active until 07:58 (AUTO_ENABLE_SELL=true)
[2025-09-23 07:33:42] sleeping 60s
[2025-09-23 07:34:42] SELL: cooldown active until 07:58 (AUTO_ENABLE_SELL=true)
[2025-09-23 07:34:42] sleeping 60s
[2025-09-23 07:35:42] SELL: cooldown active until 07:58 (AUTO_ENABLE_SELL=true)
[2025-09-23 07:35:42] sleeping 60s
[2025-09-23 07:36:42] SELL: cooldown active until 07:58 (AUTO_ENABLE_SELL=true)
[2025-09-23 07:36:42] sleeping 60s
[2025-09-23 07:37:42] SELL: cooldown active until 07:58 (AUTO_ENABLE_SELL=true)
[2025-09-23 07:37:42] sleeping 60s
[2025-09-23 07:38:42] SELL: cooldown active until 07:58 (AUTO_ENABLE_SELL=true)
[2025-09-23 07:38:42] sleeping 60s
[2025-09-23 07:39:42] SELL: cooldown active until 07:58 (AUTO_ENABLE_SELL=true)
[2025-09-23 07:39:42] sleeping 60s
[2025-09-23 07:40:42] SELL: cooldown active until 07:58 (AUTO_ENABLE_SELL=true)
[2025-09-23 07:40:43] sleeping 60s
[2025-09-23 07:41:43] SELL: cooldown active until 07:58 (AUTO_ENABLE_SELL=true)
[2025-09-23 07:41:43] sleeping 60s
[2025-09-23 07:42:43] SELL: cooldown active until 07:58 (AUTO_ENABLE_SELL=true)
[2025-09-23 07:42:43] sleeping 60s
[2025-09-23 07:43:43] SELL: cooldown active until 07:58 (AUTO_ENABLE_SELL=true)
[2025-09-23 07:43:43] sleeping 60s
[2025-09-23 07:44:43] SELL: cooldown active until 07:58 (AUTO_ENABLE_SELL=true)
[2025-09-23 07:44:43] sleeping 60s
[2025-09-23 07:45:43] SELL: cooldown active until 07:58 (AUTO_ENABLE_SELL=true)
[2025-09-23 07:45:43] sleeping 60s
[2025-09-23 07:46:43] SELL: cooldown active until 07:58 (AUTO_ENABLE_SELL=true)
[2025-09-23 07:46:43] sleeping 60s
[2025-09-23 07:47:43] SELL: cooldown active until 07:58 (AUTO_ENABLE_SELL=true)
[2025-09-23 07:47:43] sleeping 60s
[2025-09-23 07:48:43] SELL: cooldown active until 07:58 (AUTO_ENABLE_SELL=true)
[2025-09-23 07:48:43] sleeping 60s
[2025-09-23 07:49:43] SELL: cooldown active until 07:58 (AUTO_ENABLE_SELL=true)
[2025-09-23 07:49:43] sleeping 60s
[2025-09-23 07:50:43] SELL: cooldown active until 07:58 (AUTO_ENABLE_SELL=true)
[2025-09-23 07:50:43] sleeping 60s
[2025-09-23 07:51:43] SELL: cooldown active until 07:58 (AUTO_ENABLE_SELL=true)
[2025-09-23 07:51:43] sleeping 60s
[2025-09-23 07:52:43] SELL: cooldown active until 07:58 (AUTO_ENABLE_SELL=true)
[2025-09-23 07:52:43] sleeping 60s
[2025-09-23 07:53:43] SELL: cooldown active until 07:58 (AUTO_ENABLE_SELL=true)
[2025-09-23 07:53:43] sleeping 60s
[2025-09-23 07:54:43] SELL: cooldown active until 07:58 (AUTO_ENABLE_SELL=true)
[2025-09-23 07:54:43] sleeping 60s
[2025-09-23 07:55:43] SELL: cooldown active until 07:58 (AUTO_ENABLE_SELL=true)
[2025-09-23 07:55:43] sleeping 60s
[2025-09-23 07:56:43] SELL: cooldown active until 07:58 (AUTO_ENABLE_SELL=true)
[2025-09-23 07:56:43] sleeping 60s
[2025-09-23 07:57:43] SELL: cooldown active until 07:58 (AUTO_ENABLE_SELL=true)
[2025-09-23 07:57:43] sleeping 60s
[2025-09-23 07:58:43] SELL: starting…
2025-09-23 07:58:46 [sell_execute] Recorded SELL: 0.006746476 SOL -> 1.4798 USDC @ 219.3447 USDC/SOL
[2025-09-23 07:58:46] SELL: exit code 0
[2025-09-23 07:58:46] sleeping 58s
[2025-09-23 07:59:44] SELL: cooldown active until 08:28 (AUTO_ENABLE_SELL=true)
[2025-09-23 07:59:44] sleeping 60s
[2025-09-23 08:00:44] SELL: cooldown active until 08:28 (AUTO_ENABLE_SELL=true)
[2025-09-23 08:00:44] sleeping 60s
[2025-09-23 08:01:44] SELL: cooldown active until 08:28 (AUTO_ENABLE_SELL=true)
[2025-09-23 08:01:44] sleeping 60s
[2025-09-23 08:02:44] SELL: cooldown active until 08:28 (AUTO_ENABLE_SELL=true)
[2025-09-23 08:02:44] sleeping 60s
[2025-09-23 08:03:44] SELL: cooldown active until 08:28 (AUTO_ENABLE_SELL=true)
[2025-09-23 08:03:44] sleeping 60s
[2025-09-23 08:04:44] SELL: cooldown active until 08:28 (AUTO_ENABLE_SELL=true)
[2025-09-23 08:04:44] sleeping 60s
[2025-09-23 08:05:44] SELL: cooldown active until 08:28 (AUTO_ENABLE_SELL=true)
[2025-09-23 08:05:44] sleeping 60s
[2025-09-23 08:06:44] SELL: cooldown active until 08:28 (AUTO_ENABLE_SELL=true)
[2025-09-23 08:06:44] sleeping 60s
[2025-09-23 08:07:45] SELL: cooldown active until 08:28 (AUTO_ENABLE_SELL=true)
[2025-09-23 08:07:45] sleeping 60s
[2025-09-23 08:08:45] SELL: cooldown active until 08:28 (AUTO_ENABLE_SELL=true)
[2025-09-23 08:08:45] sleeping 60s
[2025-09-23 08:09:45] SELL: cooldown active until 08:28 (AUTO_ENABLE_SELL=true)
[2025-09-23 08:09:45] sleeping 60s
[2025-09-23 08:10:45] SELL: cooldown active until 08:28 (AUTO_ENABLE_SELL=true)
[2025-09-23 08:10:45] sleeping 60s
[2025-09-23 08:11:45] SELL: cooldown active until 08:28 (AUTO_ENABLE_SELL=true)
[2025-09-23 08:11:45] sleeping 60s
[2025-09-23 08:12:45] SELL: cooldown active until 08:28 (AUTO_ENABLE_SELL=true)
[2025-09-23 08:12:45] sleeping 60s
[2025-09-23 08:13:45] SELL: cooldown active until 08:28 (AUTO_ENABLE_SELL=true)
[2025-09-23 08:13:45] sleeping 60s
[2025-09-23 08:14:45] SELL: cooldown active until 08:28 (AUTO_ENABLE_SELL=true)
[2025-09-23 08:14:45] sleeping 60s
[2025-09-23 08:15:45] SELL: cooldown active until 08:28 (AUTO_ENABLE_SELL=true)
[2025-09-23 08:15:45] sleeping 60s
[2025-09-23 08:16:45] SELL: cooldown active until 08:28 (AUTO_ENABLE_SELL=true)
[2025-09-23 08:16:45] sleeping 60s
[2025-09-23 08:17:45] SELL: cooldown active until 08:28 (AUTO_ENABLE_SELL=true)
[2025-09-23 08:17:45] sleeping 60s
[2025-09-23 08:18:46] SELL: cooldown active until 08:28 (AUTO_ENABLE_SELL=true)
[2025-09-23 08:18:46] sleeping 60s
[2025-09-23 08:19:46] SELL: cooldown active until 08:28 (AUTO_ENABLE_SELL=true)
[2025-09-23 08:19:46] sleeping 60s
[2025-09-23 08:20:46] SELL: cooldown active until 08:28 (AUTO_ENABLE_SELL=true)
[2025-09-23 08:20:46] sleeping 60s
[2025-09-23 08:21:46] SELL: cooldown active until 08:28 (AUTO_ENABLE_SELL=true)
[2025-09-23 08:21:46] BUY: starting…
[2025-09-23 08:21:47] BUY: exit code 0
[2025-09-23 08:21:47] sleeping 59s
[2025-09-23 08:22:46] SELL: cooldown active until 08:28 (AUTO_ENABLE_SELL=true)
[2025-09-23 08:22:46] sleeping 60s
[2025-09-23 08:23:46] SELL: cooldown active until 08:28 (AUTO_ENABLE_SELL=true)
[2025-09-23 08:23:46] sleeping 60s
[2025-09-23 08:24:46] SELL: cooldown active until 08:28 (AUTO_ENABLE_SELL=true)
[2025-09-23 08:24:46] sleeping 60s
[2025-09-23 08:25:46] SELL: cooldown active until 08:28 (AUTO_ENABLE_SELL=true)
[2025-09-23 08:25:46] sleeping 60s
[2025-09-23 08:26:46] SELL: cooldown active until 08:28 (AUTO_ENABLE_SELL=true)
[2025-09-23 08:26:46] sleeping 60s
[2025-09-23 08:27:47] SELL: cooldown active until 08:28 (AUTO_ENABLE_SELL=true)
[2025-09-23 08:27:47] sleeping 60s
[2025-09-23 08:28:47] SELL: starting…
2025-09-23 08:28:49 [sell_execute] Recorded SELL: 0.006746476 SOL -> 1.4742 USDC @ 218.5193 USDC/SOL
[2025-09-23 08:28:49] SELL: exit code 0
[2025-09-23 08:28:49] sleeping 58s
[2025-09-23 08:29:47] SELL: cooldown active until 08:58 (AUTO_ENABLE_SELL=true)
[2025-09-23 08:29:47] sleeping 60s
[2025-09-23 08:30:47] SELL: cooldown active until 08:58 (AUTO_ENABLE_SELL=true)
[2025-09-23 08:30:47] sleeping 60s
[2025-09-23 08:31:47] SELL: cooldown active until 08:58 (AUTO_ENABLE_SELL=true)
[2025-09-23 08:31:47] sleeping 60s
[2025-09-23 08:32:47] SELL: cooldown active until 08:58 (AUTO_ENABLE_SELL=true)
[2025-09-23 08:32:47] sleeping 60s
[2025-09-23 08:33:47] SELL: cooldown active until 08:58 (AUTO_ENABLE_SELL=true)
[2025-09-23 08:33:47] sleeping 60s
[2025-09-23 08:34:47] SELL: cooldown active until 08:58 (AUTO_ENABLE_SELL=true)
[2025-09-23 08:34:47] sleeping 60s
[2025-09-23 08:35:48] SELL: cooldown active until 08:58 (AUTO_ENABLE_SELL=true)
[2025-09-23 08:35:48] sleeping 60s
[2025-09-23 08:36:48] SELL: cooldown active until 08:58 (AUTO_ENABLE_SELL=true)
[2025-09-23 08:36:48] sleeping 60s
[2025-09-23 08:37:48] SELL: cooldown active until 08:58 (AUTO_ENABLE_SELL=true)
[2025-09-23 08:37:48] sleeping 60s
[2025-09-23 08:38:48] SELL: cooldown active until 08:58 (AUTO_ENABLE_SELL=true)
[2025-09-23 08:38:48] sleeping 60s
[2025-09-23 08:39:48] SELL: cooldown active until 08:58 (AUTO_ENABLE_SELL=true)
[2025-09-23 08:39:48] sleeping 60s
[2025-09-23 08:40:48] SELL: cooldown active until 08:58 (AUTO_ENABLE_SELL=true)
[2025-09-23 08:40:48] sleeping 60s
[2025-09-23 08:41:48] SELL: cooldown active until 08:58 (AUTO_ENABLE_SELL=true)
[2025-09-23 08:41:48] sleeping 60s
[2025-09-23 08:42:48] SELL: cooldown active until 08:58 (AUTO_ENABLE_SELL=true)
[2025-09-23 08:42:48] sleeping 60s
[2025-09-23 08:43:48] SELL: cooldown active until 08:58 (AUTO_ENABLE_SELL=true)
[2025-09-23 08:43:48] sleeping 60s
[2025-09-23 08:44:48] SELL: cooldown active until 08:58 (AUTO_ENABLE_SELL=true)
[2025-09-23 08:44:48] sleeping 60s
[2025-09-23 08:45:48] SELL: cooldown active until 08:58 (AUTO_ENABLE_SELL=true)
[2025-09-23 08:45:48] sleeping 60s
[2025-09-23 08:46:48] SELL: cooldown active until 08:58 (AUTO_ENABLE_SELL=true)
[2025-09-23 08:46:48] sleeping 60s
[2025-09-23 08:47:49] SELL: cooldown active until 08:58 (AUTO_ENABLE_SELL=true)
[2025-09-23 08:47:49] sleeping 60s
[2025-09-23 08:48:49] SELL: cooldown active until 08:58 (AUTO_ENABLE_SELL=true)
[2025-09-23 08:48:49] sleeping 60s
[2025-09-23 08:49:49] SELL: cooldown active until 08:58 (AUTO_ENABLE_SELL=true)
[2025-09-23 08:49:49] sleeping 60s
[2025-09-23 08:50:49] SELL: cooldown active until 08:58 (AUTO_ENABLE_SELL=true)
[2025-09-23 08:50:49] sleeping 60s
[2025-09-23 08:51:49] SELL: cooldown active until 08:58 (AUTO_ENABLE_SELL=true)
[2025-09-23 08:51:49] sleeping 60s
[2025-09-23 08:52:49] SELL: cooldown active until 08:58 (AUTO_ENABLE_SELL=true)
[2025-09-23 08:52:49] sleeping 60s
[2025-09-23 08:53:49] SELL: cooldown active until 08:58 (AUTO_ENABLE_SELL=true)
[2025-09-23 08:53:49] sleeping 60s
[2025-09-23 08:54:49] SELL: cooldown active until 08:58 (AUTO_ENABLE_SELL=true)
[2025-09-23 08:54:49] sleeping 60s
[2025-09-23 08:55:49] SELL: cooldown active until 08:58 (AUTO_ENABLE_SELL=true)
[2025-09-23 08:55:49] sleeping 60s
[2025-09-23 08:56:49] SELL: cooldown active until 08:58 (AUTO_ENABLE_SELL=true)
[2025-09-23 08:56:49] sleeping 60s
[2025-09-23 08:57:49] SELL: cooldown active until 08:58 (AUTO_ENABLE_SELL=true)
[2025-09-23 08:57:49] sleeping 60s
[2025-09-23 08:58:49] SELL: starting…
2025-09-23 08:58:51 [sell_execute] Recorded SELL: 0.006746476 SOL -> 1.4815 USDC @ 219.5929 USDC/SOL
[2025-09-23 08:58:52] SELL: exit code 0
[2025-09-23 08:58:52] sleeping 58s
[2025-09-23 08:59:50] SELL: cooldown active until 09:28 (AUTO_ENABLE_SELL=true)
[2025-09-23 08:59:50] sleeping 60s
[2025-09-23 09:00:50] SELL: cooldown active until 09:28 (AUTO_ENABLE_SELL=true)
[2025-09-23 09:00:50] sleeping 60s
[2025-09-23 09:01:50] SELL: cooldown active until 09:28 (AUTO_ENABLE_SELL=true)
[2025-09-23 09:01:50] sleeping 60s
[2025-09-23 09:02:50] SELL: cooldown active until 09:28 (AUTO_ENABLE_SELL=true)
[2025-09-23 09:02:50] sleeping 60s
[2025-09-23 09:03:50] SELL: cooldown active until 09:28 (AUTO_ENABLE_SELL=true)
[2025-09-23 09:03:50] sleeping 60s
[2025-09-23 09:04:50] SELL: cooldown active until 09:28 (AUTO_ENABLE_SELL=true)
[2025-09-23 09:04:50] sleeping 60s
[2025-09-23 09:05:50] SELL: cooldown active until 09:28 (AUTO_ENABLE_SELL=true)
[2025-09-23 09:05:50] sleeping 60s
[2025-09-23 09:06:50] SELL: cooldown active until 09:28 (AUTO_ENABLE_SELL=true)
[2025-09-23 09:06:50] sleeping 60s
[2025-09-23 09:07:51] SELL: cooldown active until 09:28 (AUTO_ENABLE_SELL=true)
[2025-09-23 09:07:51] sleeping 60s
[2025-09-23 09:08:51] SELL: cooldown active until 09:28 (AUTO_ENABLE_SELL=true)
[2025-09-23 09:08:51] sleeping 60s
[2025-09-23 09:09:51] SELL: cooldown active until 09:28 (AUTO_ENABLE_SELL=true)
[2025-09-23 09:09:51] sleeping 60s
[2025-09-23 09:10:51] SELL: cooldown active until 09:28 (AUTO_ENABLE_SELL=true)
[2025-09-23 09:10:51] sleeping 60s
[2025-09-23 09:11:51] SELL: cooldown active until 09:28 (AUTO_ENABLE_SELL=true)
[2025-09-23 09:11:51] sleeping 60s
[2025-09-23 09:12:51] SELL: cooldown active until 09:28 (AUTO_ENABLE_SELL=true)
[2025-09-23 09:12:51] sleeping 60s
[2025-09-23 09:13:51] SELL: cooldown active until 09:28 (AUTO_ENABLE_SELL=true)
[2025-09-23 09:13:51] sleeping 60s
[2025-09-23 09:14:51] SELL: cooldown active until 09:28 (AUTO_ENABLE_SELL=true)
[2025-09-23 09:14:51] sleeping 60s
[2025-09-23 09:15:51] SELL: cooldown active until 09:28 (AUTO_ENABLE_SELL=true)
[2025-09-23 09:15:51] sleeping 60s
[2025-09-23 09:16:51] SELL: cooldown active until 09:28 (AUTO_ENABLE_SELL=true)
[2025-09-23 09:16:51] sleeping 60s
[2025-09-23 09:17:51] SELL: cooldown active until 09:28 (AUTO_ENABLE_SELL=true)
[2025-09-23 09:17:51] sleeping 60s
[2025-09-23 09:18:51] SELL: cooldown active until 09:28 (AUTO_ENABLE_SELL=true)
[2025-09-23 09:18:51] sleeping 60s
[2025-09-23 09:19:51] SELL: cooldown active until 09:28 (AUTO_ENABLE_SELL=true)
[2025-09-23 09:19:51] sleeping 60s
[2025-09-23 09:20:52] SELL: cooldown active until 09:28 (AUTO_ENABLE_SELL=true)
[2025-09-23 09:20:52] sleeping 60s
[2025-09-23 09:21:52] SELL: cooldown active until 09:28 (AUTO_ENABLE_SELL=true)
[2025-09-23 09:21:52] sleeping 60s
[2025-09-23 09:22:52] SELL: cooldown active until 09:28 (AUTO_ENABLE_SELL=true)
[2025-09-23 09:22:52] sleeping 60s
[2025-09-23 09:23:52] SELL: cooldown active until 09:28 (AUTO_ENABLE_SELL=true)
[2025-09-23 09:23:52] sleeping 60s
[2025-09-23 09:24:52] SELL: cooldown active until 09:28 (AUTO_ENABLE_SELL=true)
[2025-09-23 09:24:52] sleeping 60s
[2025-09-23 09:25:52] SELL: cooldown active until 09:28 (AUTO_ENABLE_SELL=true)
[2025-09-23 09:25:52] sleeping 60s
[2025-09-23 09:26:52] SELL: cooldown active until 09:28 (AUTO_ENABLE_SELL=true)
[2025-09-23 09:26:52] sleeping 60s
[2025-09-23 09:27:52] SELL: cooldown active until 09:28 (AUTO_ENABLE_SELL=true)
[2025-09-23 09:27:52] sleeping 60s
[2025-09-23 09:28:52] SELL: starting…
2025-09-23 09:28:54 [sell_execute] Recorded SELL: 0.006746476 SOL -> 1.4787 USDC @ 219.1764 USDC/SOL
[2025-09-23 09:28:54] SELL: exit code 0
[2025-09-23 09:28:55] sleeping 58s
[2025-09-23 09:29:53] SELL: cooldown active until 09:58 (AUTO_ENABLE_SELL=true)
[2025-09-23 09:29:53] sleeping 60s
[2025-09-23 09:30:53] SELL: cooldown active until 09:58 (AUTO_ENABLE_SELL=true)
[2025-09-23 09:30:53] sleeping 60s
[2025-09-23 09:31:53] SELL: cooldown active until 09:58 (AUTO_ENABLE_SELL=true)
[2025-09-23 09:31:53] sleeping 60s
[2025-09-23 09:32:53] SELL: cooldown active until 09:58 (AUTO_ENABLE_SELL=true)
[2025-09-23 09:32:53] sleeping 60s
[2025-09-23 09:33:53] SELL: cooldown active until 09:58 (AUTO_ENABLE_SELL=true)
[2025-09-23 09:33:53] sleeping 60s
[2025-09-23 09:34:53] SELL: cooldown active until 09:58 (AUTO_ENABLE_SELL=true)
[2025-09-23 09:34:53] sleeping 60s
[2025-09-23 09:35:53] SELL: cooldown active until 09:58 (AUTO_ENABLE_SELL=true)
[2025-09-23 09:35:53] sleeping 60s
[2025-09-23 09:36:53] SELL: cooldown active until 09:58 (AUTO_ENABLE_SELL=true)
[2025-09-23 09:36:53] sleeping 60s
[2025-09-23 09:37:54] SELL: cooldown active until 09:58 (AUTO_ENABLE_SELL=true)
[2025-09-23 09:37:54] sleeping 60s
[2025-09-23 09:38:54] SELL: cooldown active until 09:58 (AUTO_ENABLE_SELL=true)
[2025-09-23 09:38:54] sleeping 60s
[2025-09-23 09:39:54] SELL: cooldown active until 09:58 (AUTO_ENABLE_SELL=true)
[2025-09-23 09:39:54] sleeping 60s
[2025-09-23 09:40:54] SELL: cooldown active until 09:58 (AUTO_ENABLE_SELL=true)
[2025-09-23 09:40:54] sleeping 60s
[2025-09-23 09:41:54] SELL: cooldown active until 09:58 (AUTO_ENABLE_SELL=true)
[2025-09-23 09:41:54] sleeping 60s
[2025-09-23 09:42:54] SELL: cooldown active until 09:58 (AUTO_ENABLE_SELL=true)
[2025-09-23 09:42:54] sleeping 60s
[2025-09-23 09:43:54] SELL: cooldown active until 09:58 (AUTO_ENABLE_SELL=true)
[2025-09-23 09:43:54] sleeping 60s
[2025-09-23 09:44:54] SELL: cooldown active until 09:58 (AUTO_ENABLE_SELL=true)
[2025-09-23 09:44:54] sleeping 60s
[2025-09-23 09:45:54] SELL: cooldown active until 09:58 (AUTO_ENABLE_SELL=true)
[2025-09-23 09:45:54] sleeping 60s
[2025-09-23 09:46:54] SELL: cooldown active until 09:58 (AUTO_ENABLE_SELL=true)
[2025-09-23 09:46:54] sleeping 60s
[2025-09-23 09:47:54] SELL: cooldown active until 09:58 (AUTO_ENABLE_SELL=true)
[2025-09-23 09:47:54] sleeping 60s
[2025-09-23 09:48:54] SELL: cooldown active until 09:58 (AUTO_ENABLE_SELL=true)
[2025-09-23 09:48:54] sleeping 60s
[2025-09-23 09:49:54] SELL: cooldown active until 09:58 (AUTO_ENABLE_SELL=true)
[2025-09-23 09:49:54] sleeping 60s
[2025-09-23 09:50:54] SELL: cooldown active until 09:58 (AUTO_ENABLE_SELL=true)
[2025-09-23 09:50:54] sleeping 60s
[2025-09-23 09:51:54] SELL: cooldown active until 09:58 (AUTO_ENABLE_SELL=true)
[2025-09-23 09:51:54] sleeping 60s
[2025-09-23 09:52:54] SELL: cooldown active until 09:58 (AUTO_ENABLE_SELL=true)
[2025-09-23 09:52:54] sleeping 60s
[2025-09-23 09:53:54] SELL: cooldown active until 09:58 (AUTO_ENABLE_SELL=true)
[2025-09-23 09:53:54] sleeping 60s
[2025-09-23 09:54:54] SELL: cooldown active until 09:58 (AUTO_ENABLE_SELL=true)
[2025-09-23 09:54:54] sleeping 60s
[2025-09-23 09:55:55] SELL: cooldown active until 09:58 (AUTO_ENABLE_SELL=true)
[2025-09-23 09:55:55] sleeping 60s
[2025-09-23 09:56:55] SELL: cooldown active until 09:58 (AUTO_ENABLE_SELL=true)
[2025-09-23 09:56:55] sleeping 60s
[2025-09-23 09:57:55] SELL: cooldown active until 09:58 (AUTO_ENABLE_SELL=true)
[2025-09-23 09:57:55] sleeping 60s
[2025-09-23 09:58:55] SELL: starting…
2025-09-23 09:58:58 [sell_execute] Recorded SELL: 0.006746476 SOL -> 1.4847 USDC @ 220.0667 USDC/SOL
[2025-09-23 09:58:58] SELL: exit code 0
[2025-09-23 09:58:58] sleeping 57s
[2025-09-23 09:59:55] SELL: cooldown active until 10:28 (AUTO_ENABLE_SELL=true)
[2025-09-23 09:59:55] sleeping 60s
[2025-09-23 10:00:55] SELL: cooldown active until 10:28 (AUTO_ENABLE_SELL=true)
[2025-09-23 10:00:55] sleeping 60s
[2025-09-23 10:01:55] SELL: cooldown active until 10:28 (AUTO_ENABLE_SELL=true)
[2025-09-23 10:01:55] sleeping 60s
[2025-09-23 10:02:55] SELL: cooldown active until 10:28 (AUTO_ENABLE_SELL=true)
[2025-09-23 10:02:55] sleeping 60s
[2025-09-23 10:03:55] SELL: cooldown active until 10:28 (AUTO_ENABLE_SELL=true)
[2025-09-23 10:03:55] sleeping 60s
[2025-09-23 10:04:55] SELL: cooldown active until 10:28 (AUTO_ENABLE_SELL=true)
[2025-09-23 10:04:55] sleeping 60s
[2025-09-23 10:05:56] SELL: cooldown active until 10:28 (AUTO_ENABLE_SELL=true)
[2025-09-23 10:05:56] sleeping 60s
[2025-09-23 10:06:56] SELL: cooldown active until 10:28 (AUTO_ENABLE_SELL=true)
[2025-09-23 10:06:56] sleeping 60s
[2025-09-23 10:07:56] SELL: cooldown active until 10:28 (AUTO_ENABLE_SELL=true)
[2025-09-23 10:07:56] sleeping 60s
[2025-09-23 10:08:56] SELL: cooldown active until 10:28 (AUTO_ENABLE_SELL=true)
[2025-09-23 10:08:56] sleeping 60s
[2025-09-23 10:09:56] SELL: cooldown active until 10:28 (AUTO_ENABLE_SELL=true)
[2025-09-23 10:09:56] sleeping 60s
[2025-09-23 10:10:56] SELL: cooldown active until 10:28 (AUTO_ENABLE_SELL=true)
[2025-09-23 10:10:56] sleeping 60s
[2025-09-23 10:11:56] SELL: cooldown active until 10:28 (AUTO_ENABLE_SELL=true)
[2025-09-23 10:11:56] sleeping 60s
[2025-09-23 10:12:56] SELL: cooldown active until 10:28 (AUTO_ENABLE_SELL=true)
[2025-09-23 10:12:56] sleeping 60s
[2025-09-23 10:13:56] SELL: cooldown active until 10:28 (AUTO_ENABLE_SELL=true)
[2025-09-23 10:13:56] sleeping 60s
[2025-09-23 10:14:57] SELL: cooldown active until 10:28 (AUTO_ENABLE_SELL=true)
[2025-09-23 10:14:57] sleeping 60s
[2025-09-23 10:15:57] SELL: cooldown active until 10:28 (AUTO_ENABLE_SELL=true)
[2025-09-23 10:15:57] sleeping 60s
[2025-09-23 10:16:57] SELL: cooldown active until 10:28 (AUTO_ENABLE_SELL=true)
[2025-09-23 10:16:57] sleeping 60s
[2025-09-23 10:17:57] SELL: cooldown active until 10:28 (AUTO_ENABLE_SELL=true)
[2025-09-23 10:17:57] sleeping 60s
[2025-09-23 10:18:57] SELL: cooldown active until 10:28 (AUTO_ENABLE_SELL=true)
[2025-09-23 10:18:57] sleeping 60s
[2025-09-23 10:19:57] SELL: cooldown active until 10:28 (AUTO_ENABLE_SELL=true)
[2025-09-23 10:19:57] sleeping 60s
[2025-09-23 10:20:57] SELL: cooldown active until 10:28 (AUTO_ENABLE_SELL=true)
[2025-09-23 10:20:57] sleeping 60s
[2025-09-23 10:21:57] SELL: cooldown active until 10:28 (AUTO_ENABLE_SELL=true)
[2025-09-23 10:21:57] sleeping 60s
[2025-09-23 10:22:57] SELL: cooldown active until 10:28 (AUTO_ENABLE_SELL=true)
[2025-09-23 10:22:57] sleeping 60s
[2025-09-23 10:23:57] SELL: cooldown active until 10:28 (AUTO_ENABLE_SELL=true)
[2025-09-23 10:23:57] sleeping 60s
[2025-09-23 10:24:57] SELL: cooldown active until 10:28 (AUTO_ENABLE_SELL=true)
[2025-09-23 10:24:57] sleeping 60s
[2025-09-23 10:25:57] SELL: cooldown active until 10:28 (AUTO_ENABLE_SELL=true)
[2025-09-23 10:25:57] sleeping 60s
[2025-09-23 10:26:57] SELL: cooldown active until 10:28 (AUTO_ENABLE_SELL=true)
[2025-09-23 10:26:57] sleeping 60s
[2025-09-23 10:27:57] SELL: cooldown active until 10:28 (AUTO_ENABLE_SELL=true)
[2025-09-23 10:27:57] sleeping 60s
[2025-09-23 10:28:57] SELL: cooldown active until 10:28 (AUTO_ENABLE_SELL=true)
[2025-09-23 10:28:57] sleeping 60s
[2025-09-23 10:29:58] SELL: starting…
2025-09-23 10:30:00 [sell_execute] Recorded SELL: 0.006746476 SOL -> 1.4804 USDC @ 219.4323 USDC/SOL
[2025-09-23 10:30:00] SELL: exit code 0
[2025-09-23 10:30:00] sleeping 58s
[2025-09-23 10:30:58] SELL: cooldown active until 11:00 (AUTO_ENABLE_SELL=true)
[2025-09-23 10:30:58] sleeping 60s
[2025-09-23 10:31:58] SELL: cooldown active until 11:00 (AUTO_ENABLE_SELL=true)
[2025-09-23 10:31:58] sleeping 60s
[2025-09-23 10:32:58] SELL: cooldown active until 11:00 (AUTO_ENABLE_SELL=true)
[2025-09-23 10:32:58] sleeping 60s
[2025-09-23 10:33:58] SELL: cooldown active until 11:00 (AUTO_ENABLE_SELL=true)
[2025-09-23 10:33:58] sleeping 60s
[2025-09-23 10:34:58] SELL: cooldown active until 11:00 (AUTO_ENABLE_SELL=true)
[2025-09-23 10:34:58] sleeping 60s
[2025-09-23 10:35:59] SELL: cooldown active until 11:00 (AUTO_ENABLE_SELL=true)
[2025-09-23 10:35:59] sleeping 60s
[2025-09-23 10:36:59] SELL: cooldown active until 11:00 (AUTO_ENABLE_SELL=true)
[2025-09-23 10:36:59] sleeping 60s
[2025-09-23 10:37:59] SELL: cooldown active until 11:00 (AUTO_ENABLE_SELL=true)
[2025-09-23 10:37:59] sleeping 60s
[2025-09-23 10:38:59] SELL: cooldown active until 11:00 (AUTO_ENABLE_SELL=true)
[2025-09-23 10:38:59] sleeping 60s
[2025-09-23 10:39:59] SELL: cooldown active until 11:00 (AUTO_ENABLE_SELL=true)
[2025-09-23 10:39:59] sleeping 60s
[2025-09-23 10:40:59] SELL: cooldown active until 11:00 (AUTO_ENABLE_SELL=true)
[2025-09-23 10:40:59] sleeping 60s
[2025-09-23 10:41:59] SELL: cooldown active until 11:00 (AUTO_ENABLE_SELL=true)
[2025-09-23 10:41:59] sleeping 60s
[2025-09-23 10:42:59] SELL: cooldown active until 11:00 (AUTO_ENABLE_SELL=true)
[2025-09-23 10:42:59] sleeping 60s
[2025-09-23 10:43:59] SELL: cooldown active until 11:00 (AUTO_ENABLE_SELL=true)
[2025-09-23 10:43:59] sleeping 60s
[2025-09-23 10:44:59] SELL: cooldown active until 11:00 (AUTO_ENABLE_SELL=true)
[2025-09-23 10:44:59] sleeping 60s
[2025-09-23 10:45:59] SELL: cooldown active until 11:00 (AUTO_ENABLE_SELL=true)
[2025-09-23 10:45:59] sleeping 60s
[2025-09-23 10:46:59] SELL: cooldown active until 11:00 (AUTO_ENABLE_SELL=true)
[2025-09-23 10:46:59] sleeping 60s
[2025-09-23 10:48:00] SELL: cooldown active until 11:00 (AUTO_ENABLE_SELL=true)
[2025-09-23 10:48:00] sleeping 60s
[2025-09-23 10:49:00] SELL: cooldown active until 11:00 (AUTO_ENABLE_SELL=true)
[2025-09-23 10:49:00] sleeping 60s
[2025-09-23 10:50:00] SELL: cooldown active until 11:00 (AUTO_ENABLE_SELL=true)
[2025-09-23 10:50:00] sleeping 60s
[2025-09-23 10:51:00] SELL: cooldown active until 11:00 (AUTO_ENABLE_SELL=true)
[2025-09-23 10:51:00] sleeping 60s
[2025-09-23 10:52:00] SELL: cooldown active until 11:00 (AUTO_ENABLE_SELL=true)
[2025-09-23 10:52:00] sleeping 60s
[2025-09-23 10:53:00] SELL: cooldown active until 11:00 (AUTO_ENABLE_SELL=true)
[2025-09-23 10:53:00] sleeping 60s
[2025-09-23 10:54:00] SELL: cooldown active until 11:00 (AUTO_ENABLE_SELL=true)
[2025-09-23 10:54:00] sleeping 60s
[2025-09-23 10:55:00] SELL: cooldown active until 11:00 (AUTO_ENABLE_SELL=true)
[2025-09-23 10:55:00] sleeping 60s
[2025-09-23 10:56:00] SELL: cooldown active until 11:00 (AUTO_ENABLE_SELL=true)
[2025-09-23 10:56:00] sleeping 60s
[2025-09-23 10:57:00] SELL: cooldown active until 11:00 (AUTO_ENABLE_SELL=true)
[2025-09-23 10:57:00] sleeping 60s
[2025-09-23 10:58:00] SELL: cooldown active until 11:00 (AUTO_ENABLE_SELL=true)
[2025-09-23 10:58:00] sleeping 60s
[2025-09-23 10:59:00] SELL: cooldown active until 11:00 (AUTO_ENABLE_SELL=true)
[2025-09-23 10:59:00] sleeping 60s
[2025-09-23 11:00:00] SELL: starting…
2025-09-23 11:00:02 [sell_execute] Recorded SELL: 0.006746476 SOL -> 1.4789 USDC @ 219.2081 USDC/SOL
[2025-09-23 11:00:02] SELL: exit code 0
[2025-09-23 11:00:03] sleeping 58s
[2025-09-23 11:01:01] SELL: cooldown active until 11:30 (AUTO_ENABLE_SELL=true)
[2025-09-23 11:01:01] sleeping 60s
[2025-09-23 11:02:01] SELL: cooldown active until 11:30 (AUTO_ENABLE_SELL=true)
[2025-09-23 11:02:01] sleeping 60s
[2025-09-23 11:03:01] SELL: cooldown active until 11:30 (AUTO_ENABLE_SELL=true)
[2025-09-23 11:03:01] sleeping 60s
[2025-09-23 11:04:01] SELL: cooldown active until 11:30 (AUTO_ENABLE_SELL=true)
[2025-09-23 11:04:01] sleeping 60s
[2025-09-23 11:05:01] SELL: cooldown active until 11:30 (AUTO_ENABLE_SELL=true)
[2025-09-23 11:05:01] sleeping 60s
[2025-09-23 11:06:01] SELL: cooldown active until 11:30 (AUTO_ENABLE_SELL=true)
[2025-09-23 11:06:01] sleeping 60s
[2025-09-23 11:07:01] SELL: cooldown active until 11:30 (AUTO_ENABLE_SELL=true)
[2025-09-23 11:07:01] sleeping 60s
[2025-09-23 11:08:02] SELL: cooldown active until 11:30 (AUTO_ENABLE_SELL=true)
[2025-09-23 11:08:02] sleeping 60s
[2025-09-23 11:09:02] SELL: cooldown active until 11:30 (AUTO_ENABLE_SELL=true)
[2025-09-23 11:09:02] sleeping 60s
[2025-09-23 11:10:02] SELL: cooldown active until 11:30 (AUTO_ENABLE_SELL=true)
[2025-09-23 11:10:02] sleeping 60s
[2025-09-23 11:11:02] SELL: cooldown active until 11:30 (AUTO_ENABLE_SELL=true)
[2025-09-23 11:11:02] sleeping 60s
[2025-09-23 11:12:02] SELL: cooldown active until 11:30 (AUTO_ENABLE_SELL=true)
[2025-09-23 11:12:02] sleeping 60s
[2025-09-23 11:13:02] SELL: cooldown active until 11:30 (AUTO_ENABLE_SELL=true)
[2025-09-23 11:13:02] sleeping 60s
[2025-09-23 11:14:02] SELL: cooldown active until 11:30 (AUTO_ENABLE_SELL=true)
[2025-09-23 11:14:02] sleeping 60s
[2025-09-23 11:15:02] SELL: cooldown active until 11:30 (AUTO_ENABLE_SELL=true)
[2025-09-23 11:15:02] sleeping 60s
[2025-09-23 11:16:02] SELL: cooldown active until 11:30 (AUTO_ENABLE_SELL=true)
[2025-09-23 11:16:02] sleeping 60s
[2025-09-23 11:17:02] SELL: cooldown active until 11:30 (AUTO_ENABLE_SELL=true)
[2025-09-23 11:17:02] sleeping 60s
[2025-09-23 11:18:02] SELL: cooldown active until 11:30 (AUTO_ENABLE_SELL=true)
[2025-09-23 11:18:02] sleeping 60s
[2025-09-23 11:19:02] SELL: cooldown active until 11:30 (AUTO_ENABLE_SELL=true)
[2025-09-23 11:19:02] sleeping 60s
[2025-09-23 11:20:02] SELL: cooldown active until 11:30 (AUTO_ENABLE_SELL=true)
[2025-09-23 11:20:02] sleeping 60s
[2025-09-23 11:21:02] SELL: cooldown active until 11:30 (AUTO_ENABLE_SELL=true)
[2025-09-23 11:21:02] sleeping 60s
[2025-09-23 11:22:02] SELL: cooldown active until 11:30 (AUTO_ENABLE_SELL=true)
[2025-09-23 11:22:02] BUY: starting…
[2025-09-23 11:22:04] BUY: exit code 0
[2025-09-23 11:22:04] sleeping 59s
[2025-09-23 11:23:03] SELL: cooldown active until 11:30 (AUTO_ENABLE_SELL=true)
[2025-09-23 11:23:03] sleeping 60s
[2025-09-23 11:24:03] SELL: cooldown active until 11:30 (AUTO_ENABLE_SELL=true)
[2025-09-23 11:24:03] sleeping 60s
[2025-09-23 11:25:03] SELL: cooldown active until 11:30 (AUTO_ENABLE_SELL=true)
[2025-09-23 11:25:03] sleeping 60s
[2025-09-23 11:26:03] SELL: cooldown active until 11:30 (AUTO_ENABLE_SELL=true)
[2025-09-23 11:26:03] sleeping 60s
[2025-09-23 11:27:03] SELL: cooldown active until 11:30 (AUTO_ENABLE_SELL=true)
[2025-09-23 11:27:03] sleeping 60s
[2025-09-23 11:28:03] SELL: cooldown active until 11:30 (AUTO_ENABLE_SELL=true)
[2025-09-23 11:28:03] sleeping 60s
[2025-09-23 11:29:03] SELL: cooldown active until 11:30 (AUTO_ENABLE_SELL=true)
[2025-09-23 11:29:03] sleeping 60s
[2025-09-23 11:30:03] SELL: starting…
2025-09-23 11:30:05 [sell_execute] Recorded SELL: 0.006746476 SOL -> 1.4824 USDC @ 219.7353 USDC/SOL
[2025-09-23 11:30:06] SELL: exit code 0
[2025-09-23 11:30:06] sleeping 58s
[2025-09-23 11:31:04] SELL: cooldown active until 12:00 (AUTO_ENABLE_SELL=true)
[2025-09-23 11:31:04] sleeping 60s
[2025-09-23 11:32:04] SELL: cooldown active until 12:00 (AUTO_ENABLE_SELL=true)
[2025-09-23 11:32:04] sleeping 60s
[2025-09-23 11:33:04] SELL: cooldown active until 12:00 (AUTO_ENABLE_SELL=true)
[2025-09-23 11:33:04] sleeping 60s
[2025-09-23 11:34:04] SELL: cooldown active until 12:00 (AUTO_ENABLE_SELL=true)
[2025-09-23 11:34:04] sleeping 60s
[2025-09-23 11:35:04] SELL: cooldown active until 12:00 (AUTO_ENABLE_SELL=true)
[2025-09-23 11:35:04] sleeping 60s
[2025-09-23 11:36:04] SELL: cooldown active until 12:00 (AUTO_ENABLE_SELL=true)
[2025-09-23 11:36:04] sleeping 60s
[2025-09-23 11:37:04] SELL: cooldown active until 12:00 (AUTO_ENABLE_SELL=true)
[2025-09-23 11:37:04] sleeping 60s
[2025-09-23 11:38:04] SELL: cooldown active until 12:00 (AUTO_ENABLE_SELL=true)
[2025-09-23 11:38:04] sleeping 60s
[2025-09-23 11:39:04] SELL: cooldown active until 12:00 (AUTO_ENABLE_SELL=true)
[2025-09-23 11:39:04] sleeping 60s
[2025-09-23 11:40:05] SELL: cooldown active until 12:00 (AUTO_ENABLE_SELL=true)
[2025-09-23 11:40:05] sleeping 60s
[2025-09-23 11:41:05] SELL: cooldown active until 12:00 (AUTO_ENABLE_SELL=true)
[2025-09-23 11:41:05] sleeping 60s
[2025-09-23 11:42:05] SELL: cooldown active until 12:00 (AUTO_ENABLE_SELL=true)
[2025-09-23 11:42:05] sleeping 60s
[2025-09-23 11:43:05] SELL: cooldown active until 12:00 (AUTO_ENABLE_SELL=true)
[2025-09-23 11:43:05] sleeping 60s
[2025-09-23 11:44:05] SELL: cooldown active until 12:00 (AUTO_ENABLE_SELL=true)
[2025-09-23 11:44:05] sleeping 60s
[2025-09-23 11:45:05] SELL: cooldown active until 12:00 (AUTO_ENABLE_SELL=true)
[2025-09-23 11:45:05] sleeping 60s
[2025-09-23 11:46:05] SELL: cooldown active until 12:00 (AUTO_ENABLE_SELL=true)
[2025-09-23 11:46:05] sleeping 60s
[2025-09-23 11:47:05] SELL: cooldown active until 12:00 (AUTO_ENABLE_SELL=true)
[2025-09-23 11:47:05] sleeping 60s
[2025-09-23 11:48:05] SELL: cooldown active until 12:00 (AUTO_ENABLE_SELL=true)
[2025-09-23 11:48:05] sleeping 60s
[2025-09-23 11:49:05] SELL: cooldown active until 12:00 (AUTO_ENABLE_SELL=true)
[2025-09-23 11:49:05] sleeping 60s
[2025-09-23 11:50:05] SELL: cooldown active until 12:00 (AUTO_ENABLE_SELL=true)
[2025-09-23 11:50:05] sleeping 60s
[2025-09-23 11:51:05] SELL: cooldown active until 12:00 (AUTO_ENABLE_SELL=true)
[2025-09-23 11:51:05] sleeping 60s
[2025-09-23 11:52:05] SELL: cooldown active until 12:00 (AUTO_ENABLE_SELL=true)
[2025-09-23 11:52:05] sleeping 60s
[2025-09-23 11:53:05] SELL: cooldown active until 12:00 (AUTO_ENABLE_SELL=true)
[2025-09-23 11:53:05] sleeping 60s
[2025-09-23 11:54:06] SELL: cooldown active until 12:00 (AUTO_ENABLE_SELL=true)
[2025-09-23 11:54:06] sleeping 60s
[2025-09-23 11:55:06] SELL: cooldown active until 12:00 (AUTO_ENABLE_SELL=true)
[2025-09-23 11:55:06] sleeping 60s
[2025-09-23 11:56:06] SELL: cooldown active until 12:00 (AUTO_ENABLE_SELL=true)
[2025-09-23 11:56:06] sleeping 60s
[2025-09-23 11:57:06] SELL: cooldown active until 12:00 (AUTO_ENABLE_SELL=true)
[2025-09-23 11:57:06] sleeping 60s
[2025-09-23 11:58:06] SELL: cooldown active until 12:00 (AUTO_ENABLE_SELL=true)
[2025-09-23 11:58:06] sleeping 60s
[2025-09-23 11:59:06] SELL: cooldown active until 12:00 (AUTO_ENABLE_SELL=true)
[2025-09-23 11:59:06] sleeping 60s
[2025-09-23 12:00:06] SELL: starting…
2025-09-23 12:00:08 [sell_execute] Recorded SELL: 0.006746476 SOL -> 1.4706 USDC @ 217.9739 USDC/SOL
[2025-09-23 12:00:08] SELL: exit code 0
[2025-09-23 12:00:09] sleeping 58s
[2025-09-23 12:01:07] SELL: cooldown active until 12:30 (AUTO_ENABLE_SELL=true)
[2025-09-23 12:01:07] sleeping 60s
[2025-09-23 12:02:07] SELL: cooldown active until 12:30 (AUTO_ENABLE_SELL=true)
[2025-09-23 12:02:07] sleeping 60s
[2025-09-23 12:03:07] SELL: cooldown active until 12:30 (AUTO_ENABLE_SELL=true)
[2025-09-23 12:03:07] sleeping 60s
[2025-09-23 12:04:07] SELL: cooldown active until 12:30 (AUTO_ENABLE_SELL=true)
[2025-09-23 12:04:07] sleeping 60s
[2025-09-23 12:05:07] SELL: cooldown active until 12:30 (AUTO_ENABLE_SELL=true)
[2025-09-23 12:05:07] sleeping 60s
[2025-09-23 12:06:07] SELL: cooldown active until 12:30 (AUTO_ENABLE_SELL=true)
[2025-09-23 12:06:07] sleeping 60s
[2025-09-23 12:07:07] SELL: cooldown active until 12:30 (AUTO_ENABLE_SELL=true)
[2025-09-23 12:07:07] sleeping 60s
[2025-09-23 12:08:07] SELL: cooldown active until 12:30 (AUTO_ENABLE_SELL=true)
[2025-09-23 12:08:07] sleeping 60s
[2025-09-23 12:09:07] SELL: cooldown active until 12:30 (AUTO_ENABLE_SELL=true)
[2025-09-23 12:09:07] sleeping 60s
[2025-09-23 12:10:07] SELL: cooldown active until 12:30 (AUTO_ENABLE_SELL=true)
[2025-09-23 12:10:07] sleeping 60s
[2025-09-23 12:11:07] SELL: cooldown active until 12:30 (AUTO_ENABLE_SELL=true)
[2025-09-23 12:11:08] sleeping 60s
[2025-09-23 12:12:08] SELL: cooldown active until 12:30 (AUTO_ENABLE_SELL=true)
[2025-09-23 12:12:08] sleeping 60s
[2025-09-23 12:13:08] SELL: cooldown active until 12:30 (AUTO_ENABLE_SELL=true)
[2025-09-23 12:13:08] sleeping 60s
[2025-09-23 12:14:08] SELL: cooldown active until 12:30 (AUTO_ENABLE_SELL=true)
[2025-09-23 12:14:08] sleeping 60s
[2025-09-23 12:15:08] SELL: cooldown active until 12:30 (AUTO_ENABLE_SELL=true)
[2025-09-23 12:15:08] sleeping 60s
[2025-09-23 12:16:08] SELL: cooldown active until 12:30 (AUTO_ENABLE_SELL=true)
[2025-09-23 12:16:08] sleeping 60s
[2025-09-23 12:17:08] SELL: cooldown active until 12:30 (AUTO_ENABLE_SELL=true)
[2025-09-23 12:17:08] sleeping 60s
[2025-09-23 12:18:08] SELL: cooldown active until 12:30 (AUTO_ENABLE_SELL=true)
[2025-09-23 12:18:08] sleeping 60s
[2025-09-23 12:19:08] SELL: cooldown active until 12:30 (AUTO_ENABLE_SELL=true)
[2025-09-23 12:19:08] sleeping 60s
[2025-09-23 12:20:08] SELL: cooldown active until 12:30 (AUTO_ENABLE_SELL=true)
[2025-09-23 12:20:08] sleeping 60s
[2025-09-23 12:21:08] SELL: cooldown active until 12:30 (AUTO_ENABLE_SELL=true)
[2025-09-23 12:21:08] sleeping 60s
[2025-09-23 12:22:08] SELL: cooldown active until 12:30 (AUTO_ENABLE_SELL=true)
[2025-09-23 12:22:08] sleeping 60s
[2025-09-23 12:23:08] SELL: cooldown active until 12:30 (AUTO_ENABLE_SELL=true)
[2025-09-23 12:23:08] sleeping 60s
[2025-09-23 12:24:09] SELL: cooldown active until 12:30 (AUTO_ENABLE_SELL=true)
[2025-09-23 12:24:09] sleeping 60s
[2025-09-23 12:25:09] SELL: cooldown active until 12:30 (AUTO_ENABLE_SELL=true)
[2025-09-23 12:25:09] sleeping 60s
[2025-09-23 12:26:09] SELL: cooldown active until 12:30 (AUTO_ENABLE_SELL=true)
[2025-09-23 12:26:09] sleeping 60s
[2025-09-23 12:27:09] SELL: cooldown active until 12:30 (AUTO_ENABLE_SELL=true)
[2025-09-23 12:27:09] sleeping 60s
[2025-09-23 12:28:09] SELL: cooldown active until 12:30 (AUTO_ENABLE_SELL=true)
[2025-09-23 12:28:09] sleeping 60s
[2025-09-23 12:29:09] SELL: cooldown active until 12:30 (AUTO_ENABLE_SELL=true)
[2025-09-23 12:29:09] sleeping 60s
[2025-09-23 12:30:09] SELL: starting…
2025-09-23 12:30:11 [sell_execute] Recorded SELL: 0.006746476 SOL -> 1.4825 USDC @ 219.7402 USDC/SOL
[2025-09-23 12:30:12] SELL: exit code 0
[2025-09-23 12:30:12] sleeping 58s
[2025-09-23 12:31:10] SELL: cooldown active until 13:00 (AUTO_ENABLE_SELL=true)
[2025-09-23 12:31:10] sleeping 60s
[2025-09-23 12:32:10] SELL: cooldown active until 13:00 (AUTO_ENABLE_SELL=true)
[2025-09-23 12:32:10] sleeping 60s
[2025-09-23 12:33:10] SELL: cooldown active until 13:00 (AUTO_ENABLE_SELL=true)
[2025-09-23 12:33:10] sleeping 60s
[2025-09-23 12:34:10] SELL: cooldown active until 13:00 (AUTO_ENABLE_SELL=true)
[2025-09-23 12:34:10] sleeping 60s
[2025-09-23 12:35:10] SELL: cooldown active until 13:00 (AUTO_ENABLE_SELL=true)
[2025-09-23 12:35:10] sleeping 60s
[2025-09-23 12:36:10] SELL: cooldown active until 13:00 (AUTO_ENABLE_SELL=true)
[2025-09-23 12:36:10] sleeping 60s
[2025-09-23 12:37:10] SELL: cooldown active until 13:00 (AUTO_ENABLE_SELL=true)
[2025-09-23 12:37:10] sleeping 60s
[2025-09-23 12:38:11] SELL: cooldown active until 13:00 (AUTO_ENABLE_SELL=true)
[2025-09-23 12:38:11] sleeping 60s
[2025-09-23 12:39:11] SELL: cooldown active until 13:00 (AUTO_ENABLE_SELL=true)
[2025-09-23 12:39:11] sleeping 60s
[2025-09-23 12:40:11] SELL: cooldown active until 13:00 (AUTO_ENABLE_SELL=true)
[2025-09-23 12:40:11] sleeping 60s
[2025-09-23 12:41:11] SELL: cooldown active until 13:00 (AUTO_ENABLE_SELL=true)
[2025-09-23 12:41:11] sleeping 60s
[2025-09-23 12:42:11] SELL: cooldown active until 13:00 (AUTO_ENABLE_SELL=true)
[2025-09-23 12:42:11] sleeping 60s
[2025-09-23 12:43:11] SELL: cooldown active until 13:00 (AUTO_ENABLE_SELL=true)
[2025-09-23 12:43:11] sleeping 60s
[2025-09-23 12:44:11] SELL: cooldown active until 13:00 (AUTO_ENABLE_SELL=true)
[2025-09-23 12:44:11] sleeping 60s
[2025-09-23 12:45:11] SELL: cooldown active until 13:00 (AUTO_ENABLE_SELL=true)
[2025-09-23 12:45:11] sleeping 60s
[2025-09-23 12:46:11] SELL: cooldown active until 13:00 (AUTO_ENABLE_SELL=true)
[2025-09-23 12:46:11] sleeping 60s
[2025-09-23 12:47:11] SELL: cooldown active until 13:00 (AUTO_ENABLE_SELL=true)
[2025-09-23 12:47:11] sleeping 60s
[2025-09-23 12:48:11] SELL: cooldown active until 13:00 (AUTO_ENABLE_SELL=true)
[2025-09-23 12:48:11] sleeping 60s
[2025-09-23 12:49:11] SELL: cooldown active until 13:00 (AUTO_ENABLE_SELL=true)
[2025-09-23 12:49:11] sleeping 60s
[2025-09-23 12:50:11] SELL: cooldown active until 13:00 (AUTO_ENABLE_SELL=true)
[2025-09-23 12:50:11] sleeping 60s
[2025-09-23 12:51:11] SELL: cooldown active until 13:00 (AUTO_ENABLE_SELL=true)
[2025-09-23 12:51:11] sleeping 60s
[2025-09-23 12:52:12] SELL: cooldown active until 13:00 (AUTO_ENABLE_SELL=true)
[2025-09-23 12:52:12] sleeping 60s
[2025-09-23 12:53:12] SELL: cooldown active until 13:00 (AUTO_ENABLE_SELL=true)
[2025-09-23 12:53:12] sleeping 60s
[2025-09-23 12:54:12] SELL: cooldown active until 13:00 (AUTO_ENABLE_SELL=true)
[2025-09-23 12:54:12] sleeping 60s
[2025-09-23 12:55:12] SELL: cooldown active until 13:00 (AUTO_ENABLE_SELL=true)
[2025-09-23 12:55:12] sleeping 60s
[2025-09-23 12:56:12] SELL: cooldown active until 13:00 (AUTO_ENABLE_SELL=true)
[2025-09-23 12:56:12] sleeping 60s
[2025-09-23 12:57:12] SELL: cooldown active until 13:00 (AUTO_ENABLE_SELL=true)
[2025-09-23 12:57:12] sleeping 60s
[2025-09-23 12:58:12] SELL: cooldown active until 13:00 (AUTO_ENABLE_SELL=true)
[2025-09-23 12:58:12] sleeping 60s
[2025-09-23 12:59:12] SELL: cooldown active until 13:00 (AUTO_ENABLE_SELL=true)
[2025-09-23 12:59:12] sleeping 60s
[2025-09-23 13:00:12] SELL: starting…
2025-09-23 13:00:14 [sell_execute] Recorded SELL: 0.006746476 SOL -> 1.4808 USDC @ 219.4936 USDC/SOL
[2025-09-23 13:00:15] SELL: exit code 0
[2025-09-23 13:00:15] sleeping 58s
[2025-09-23 13:01:13] SELL: cooldown active until 13:30 (AUTO_ENABLE_SELL=true)
[2025-09-23 13:01:13] sleeping 60s
[2025-09-23 13:02:13] SELL: cooldown active until 13:30 (AUTO_ENABLE_SELL=true)
[2025-09-23 13:02:13] sleeping 60s
[2025-09-23 13:03:13] SELL: cooldown active until 13:30 (AUTO_ENABLE_SELL=true)
[2025-09-23 13:03:13] sleeping 60s
[2025-09-23 13:04:13] SELL: cooldown active until 13:30 (AUTO_ENABLE_SELL=true)
[2025-09-23 13:04:13] sleeping 60s
[2025-09-23 13:05:13] SELL: cooldown active until 13:30 (AUTO_ENABLE_SELL=true)
[2025-09-23 13:05:13] sleeping 60s
[2025-09-23 13:06:13] SELL: cooldown active until 13:30 (AUTO_ENABLE_SELL=true)
[2025-09-23 13:06:13] sleeping 60s
[2025-09-23 13:07:13] SELL: cooldown active until 13:30 (AUTO_ENABLE_SELL=true)
[2025-09-23 13:07:13] sleeping 60s
[2025-09-23 13:08:13] SELL: cooldown active until 13:30 (AUTO_ENABLE_SELL=true)
[2025-09-23 13:08:13] sleeping 60s
[2025-09-23 13:09:13] SELL: cooldown active until 13:30 (AUTO_ENABLE_SELL=true)
[2025-09-23 13:09:13] sleeping 60s
[2025-09-23 13:10:14] SELL: cooldown active until 13:30 (AUTO_ENABLE_SELL=true)
[2025-09-23 13:10:14] sleeping 60s
[2025-09-23 13:11:14] SELL: cooldown active until 13:30 (AUTO_ENABLE_SELL=true)
[2025-09-23 13:11:14] sleeping 60s
[2025-09-23 13:12:14] SELL: cooldown active until 13:30 (AUTO_ENABLE_SELL=true)
[2025-09-23 13:12:14] sleeping 60s
[2025-09-23 13:13:14] SELL: cooldown active until 13:30 (AUTO_ENABLE_SELL=true)
[2025-09-23 13:13:14] sleeping 60s
[2025-09-23 13:14:14] SELL: cooldown active until 13:30 (AUTO_ENABLE_SELL=true)
[2025-09-23 13:14:14] sleeping 60s
[2025-09-23 13:15:14] SELL: cooldown active until 13:30 (AUTO_ENABLE_SELL=true)
[2025-09-23 13:15:14] sleeping 60s
[2025-09-23 13:16:14] SELL: cooldown active until 13:30 (AUTO_ENABLE_SELL=true)
[2025-09-23 13:16:14] sleeping 60s
[2025-09-23 13:17:14] SELL: cooldown active until 13:30 (AUTO_ENABLE_SELL=true)
[2025-09-23 13:17:14] sleeping 60s
[2025-09-23 13:18:14] SELL: cooldown active until 13:30 (AUTO_ENABLE_SELL=true)
[2025-09-23 13:18:14] sleeping 60s
[2025-09-23 13:19:14] SELL: cooldown active until 13:30 (AUTO_ENABLE_SELL=true)
[2025-09-23 13:19:14] sleeping 60s
[2025-09-23 13:20:14] SELL: cooldown active until 13:30 (AUTO_ENABLE_SELL=true)
[2025-09-23 13:20:14] sleeping 60s
[2025-09-23 13:21:14] SELL: cooldown active until 13:30 (AUTO_ENABLE_SELL=true)
[2025-09-23 13:21:14] sleeping 60s
[2025-09-23 13:22:14] SELL: cooldown active until 13:30 (AUTO_ENABLE_SELL=true)
[2025-09-23 13:22:14] sleeping 60s
[2025-09-23 13:23:14] SELL: cooldown active until 13:30 (AUTO_ENABLE_SELL=true)
[2025-09-23 13:23:14] sleeping 60s
[2025-09-23 13:24:14] SELL: cooldown active until 13:30 (AUTO_ENABLE_SELL=true)
[2025-09-23 13:24:14] sleeping 60s
[2025-09-23 13:25:14] SELL: cooldown active until 13:30 (AUTO_ENABLE_SELL=true)
[2025-09-23 13:25:14] sleeping 60s
[2025-09-23 13:26:15] SELL: cooldown active until 13:30 (AUTO_ENABLE_SELL=true)
[2025-09-23 13:26:15] sleeping 60s
[2025-09-23 13:27:15] SELL: cooldown active until 13:30 (AUTO_ENABLE_SELL=true)
[2025-09-23 13:27:15] sleeping 60s
[2025-09-23 13:28:15] SELL: cooldown active until 13:30 (AUTO_ENABLE_SELL=true)
[2025-09-23 13:28:15] sleeping 60s
[2025-09-23 13:29:15] SELL: cooldown active until 13:30 (AUTO_ENABLE_SELL=true)
[2025-09-23 13:29:15] sleeping 60s
[2025-09-23 13:30:15] SELL: starting…
2025-09-23 13:30:17 [sell_execute] Recorded SELL: 0.006746476 SOL -> 1.4814 USDC @ 219.5803 USDC/SOL
[2025-09-23 13:30:17] SELL: exit code 0
[2025-09-23 13:30:18] sleeping 58s
[2025-09-23 13:31:16] SELL: cooldown active until 14:00 (AUTO_ENABLE_SELL=true)
[2025-09-23 13:31:16] sleeping 60s
[2025-09-23 13:32:16] SELL: cooldown active until 14:00 (AUTO_ENABLE_SELL=true)
[2025-09-23 13:32:16] sleeping 60s
[2025-09-23 13:33:16] SELL: cooldown active until 14:00 (AUTO_ENABLE_SELL=true)
[2025-09-23 13:33:16] sleeping 60s
[2025-09-23 13:34:16] SELL: cooldown active until 14:00 (AUTO_ENABLE_SELL=true)
[2025-09-23 13:34:16] sleeping 60s
[2025-09-23 13:35:16] SELL: cooldown active until 14:00 (AUTO_ENABLE_SELL=true)
[2025-09-23 13:35:16] sleeping 60s
[2025-09-23 13:36:16] SELL: cooldown active until 14:00 (AUTO_ENABLE_SELL=true)
[2025-09-23 13:36:16] sleeping 60s
[2025-09-23 13:37:16] SELL: cooldown active until 14:00 (AUTO_ENABLE_SELL=true)
[2025-09-23 13:37:16] sleeping 60s
[2025-09-23 13:38:16] SELL: cooldown active until 14:00 (AUTO_ENABLE_SELL=true)
[2025-09-23 13:38:16] sleeping 60s
[2025-09-23 13:39:16] SELL: cooldown active until 14:00 (AUTO_ENABLE_SELL=true)
[2025-09-23 13:39:16] sleeping 60s
[2025-09-23 13:40:16] SELL: cooldown active until 14:00 (AUTO_ENABLE_SELL=true)
[2025-09-23 13:40:16] sleeping 60s
[2025-09-23 13:41:16] SELL: cooldown active until 14:00 (AUTO_ENABLE_SELL=true)
[2025-09-23 13:41:16] sleeping 60s
[2025-09-23 13:42:17] SELL: cooldown active until 14:00 (AUTO_ENABLE_SELL=true)
[2025-09-23 13:42:17] sleeping 60s
[2025-09-23 13:43:17] SELL: cooldown active until 14:00 (AUTO_ENABLE_SELL=true)
[2025-09-23 13:43:17] sleeping 60s
[2025-09-23 13:44:17] SELL: cooldown active until 14:00 (AUTO_ENABLE_SELL=true)
[2025-09-23 13:44:17] sleeping 60s
[2025-09-23 13:45:17] SELL: cooldown active until 14:00 (AUTO_ENABLE_SELL=true)
[2025-09-23 13:45:17] sleeping 60s
[2025-09-23 13:46:17] SELL: cooldown active until 14:00 (AUTO_ENABLE_SELL=true)
[2025-09-23 13:46:17] sleeping 60s
[2025-09-23 13:47:17] SELL: cooldown active until 14:00 (AUTO_ENABLE_SELL=true)
[2025-09-23 13:47:17] sleeping 60s
[2025-09-23 13:48:17] SELL: cooldown active until 14:00 (AUTO_ENABLE_SELL=true)
[2025-09-23 13:48:17] sleeping 60s
[2025-09-23 13:49:17] SELL: cooldown active until 14:00 (AUTO_ENABLE_SELL=true)
[2025-09-23 13:49:17] sleeping 60s
[2025-09-23 13:50:17] SELL: cooldown active until 14:00 (AUTO_ENABLE_SELL=true)
[2025-09-23 13:50:17] sleeping 60s
[2025-09-23 13:51:17] SELL: cooldown active until 14:00 (AUTO_ENABLE_SELL=true)
[2025-09-23 13:51:17] sleeping 60s
[2025-09-23 13:52:17] SELL: cooldown active until 14:00 (AUTO_ENABLE_SELL=true)
[2025-09-23 13:52:17] sleeping 60s
[2025-09-23 13:53:17] SELL: cooldown active until 14:00 (AUTO_ENABLE_SELL=true)
[2025-09-23 13:53:17] sleeping 60s
[2025-09-23 13:54:18] SELL: cooldown active until 14:00 (AUTO_ENABLE_SELL=true)
[2025-09-23 13:54:18] sleeping 60s
[2025-09-23 13:55:18] SELL: cooldown active until 14:00 (AUTO_ENABLE_SELL=true)
[2025-09-23 13:55:18] sleeping 60s
[2025-09-23 13:56:18] SELL: cooldown active until 14:00 (AUTO_ENABLE_SELL=true)
[2025-09-23 13:56:18] sleeping 60s
[2025-09-23 13:57:18] SELL: cooldown active until 14:00 (AUTO_ENABLE_SELL=true)
[2025-09-23 13:57:18] sleeping 60s
[2025-09-23 13:58:18] SELL: cooldown active until 14:00 (AUTO_ENABLE_SELL=true)
[2025-09-23 13:58:18] sleeping 60s
[2025-09-23 13:59:18] SELL: cooldown active until 14:00 (AUTO_ENABLE_SELL=true)
[2025-09-23 13:59:18] sleeping 60s
[2025-09-23 14:00:18] SELL: starting…
2025-09-23 14:00:20 [sell_execute] Recorded SELL: 0.006746476 SOL -> 1.4877 USDC @ 220.5129 USDC/SOL
[2025-09-23 14:00:20] SELL: exit code 0
[2025-09-23 14:00:21] sleeping 58s
[2025-09-23 14:01:19] SELL: cooldown active until 14:30 (AUTO_ENABLE_SELL=true)
[2025-09-23 14:01:19] sleeping 60s
[2025-09-23 14:02:19] SELL: cooldown active until 14:30 (AUTO_ENABLE_SELL=true)
[2025-09-23 14:02:19] sleeping 60s
[2025-09-23 14:03:19] SELL: cooldown active until 14:30 (AUTO_ENABLE_SELL=true)
[2025-09-23 14:03:19] sleeping 60s
[2025-09-23 14:04:19] SELL: cooldown active until 14:30 (AUTO_ENABLE_SELL=true)
[2025-09-23 14:04:19] sleeping 60s
[2025-09-23 14:05:19] SELL: cooldown active until 14:30 (AUTO_ENABLE_SELL=true)
[2025-09-23 14:05:19] sleeping 60s
[2025-09-23 14:06:19] SELL: cooldown active until 14:30 (AUTO_ENABLE_SELL=true)
[2025-09-23 14:06:19] sleeping 60s
[2025-09-23 14:07:19] SELL: cooldown active until 14:30 (AUTO_ENABLE_SELL=true)
[2025-09-23 14:07:19] sleeping 60s
[2025-09-23 14:08:19] SELL: cooldown active until 14:30 (AUTO_ENABLE_SELL=true)
[2025-09-23 14:08:19] sleeping 60s
[2025-09-23 14:09:19] SELL: cooldown active until 14:30 (AUTO_ENABLE_SELL=true)
[2025-09-23 14:09:19] sleeping 60s
[2025-09-23 14:10:19] SELL: cooldown active until 14:30 (AUTO_ENABLE_SELL=true)
[2025-09-23 14:10:19] sleeping 60s
[2025-09-23 14:11:19] SELL: cooldown active until 14:30 (AUTO_ENABLE_SELL=true)
[2025-09-23 14:11:19] sleeping 60s
[2025-09-23 14:12:19] SELL: cooldown active until 14:30 (AUTO_ENABLE_SELL=true)
[2025-09-23 14:12:19] sleeping 60s
[2025-09-23 14:13:19] SELL: cooldown active until 14:30 (AUTO_ENABLE_SELL=true)
[2025-09-23 14:13:19] sleeping 60s
[2025-09-23 14:14:20] SELL: cooldown active until 14:30 (AUTO_ENABLE_SELL=true)
[2025-09-23 14:14:20] sleeping 60s
[2025-09-23 14:15:20] SELL: cooldown active until 14:30 (AUTO_ENABLE_SELL=true)
[2025-09-23 14:15:20] sleeping 60s
[2025-09-23 14:16:20] SELL: cooldown active until 14:30 (AUTO_ENABLE_SELL=true)
[2025-09-23 14:16:20] sleeping 60s
[2025-09-23 14:17:20] SELL: cooldown active until 14:30 (AUTO_ENABLE_SELL=true)
[2025-09-23 14:17:20] sleeping 60s
[2025-09-23 14:18:20] SELL: cooldown active until 14:30 (AUTO_ENABLE_SELL=true)
[2025-09-23 14:18:20] sleeping 60s
[2025-09-23 14:19:20] SELL: cooldown active until 14:30 (AUTO_ENABLE_SELL=true)
[2025-09-23 14:19:20] sleeping 60s
[2025-09-23 14:20:20] SELL: cooldown active until 14:30 (AUTO_ENABLE_SELL=true)
[2025-09-23 14:20:20] sleeping 60s
[2025-09-23 14:21:20] SELL: cooldown active until 14:30 (AUTO_ENABLE_SELL=true)
[2025-09-23 14:21:20] sleeping 60s
[2025-09-23 14:22:20] SELL: cooldown active until 14:30 (AUTO_ENABLE_SELL=true)
[2025-09-23 14:22:20] BUY: starting…
[2025-09-23 14:22:21] BUY: exit code 0
[2025-09-23 14:22:22] sleeping 59s
[2025-09-23 14:23:21] SELL: cooldown active until 14:30 (AUTO_ENABLE_SELL=true)
[2025-09-23 14:23:21] sleeping 60s
[2025-09-23 14:24:21] SELL: cooldown active until 14:30 (AUTO_ENABLE_SELL=true)
[2025-09-23 14:24:21] sleeping 60s
[2025-09-23 14:25:21] SELL: cooldown active until 14:30 (AUTO_ENABLE_SELL=true)
[2025-09-23 14:25:21] sleeping 60s
[2025-09-23 14:26:21] SELL: cooldown active until 14:30 (AUTO_ENABLE_SELL=true)
[2025-09-23 14:26:21] sleeping 60s
[2025-09-23 14:27:21] SELL: cooldown active until 14:30 (AUTO_ENABLE_SELL=true)
[2025-09-23 14:27:21] sleeping 60s
[2025-09-23 14:28:21] SELL: cooldown active until 14:30 (AUTO_ENABLE_SELL=true)
[2025-09-23 14:28:21] sleeping 60s
[2025-09-23 14:29:21] SELL: cooldown active until 14:30 (AUTO_ENABLE_SELL=true)
[2025-09-23 14:29:21] sleeping 60s
[2025-09-23 14:30:21] SELL: starting…
2025-09-23 14:30:23 [sell_execute] Recorded SELL: 0.006746476 SOL -> 1.4699 USDC @ 217.8720 USDC/SOL
[2025-09-23 14:30:23] SELL: exit code 0
[2025-09-23 14:30:24] sleeping 58s
[2025-09-23 14:31:22] SELL: cooldown active until 15:00 (AUTO_ENABLE_SELL=true)
[2025-09-23 14:31:22] sleeping 60s
[2025-09-23 14:32:22] SELL: cooldown active until 15:00 (AUTO_ENABLE_SELL=true)
[2025-09-23 14:32:22] sleeping 60s
[2025-09-23 14:33:22] SELL: cooldown active until 15:00 (AUTO_ENABLE_SELL=true)
[2025-09-23 14:33:22] sleeping 60s
[2025-09-23 14:34:22] SELL: cooldown active until 15:00 (AUTO_ENABLE_SELL=true)
[2025-09-23 14:34:22] sleeping 60s
[2025-09-23 14:35:22] SELL: cooldown active until 15:00 (AUTO_ENABLE_SELL=true)
[2025-09-23 14:35:22] sleeping 60s
[2025-09-23 14:36:22] SELL: cooldown active until 15:00 (AUTO_ENABLE_SELL=true)
[2025-09-23 14:36:22] sleeping 60s
[2025-09-23 14:37:22] SELL: cooldown active until 15:00 (AUTO_ENABLE_SELL=true)
[2025-09-23 14:37:22] sleeping 60s
[2025-09-23 14:38:23] SELL: cooldown active until 15:00 (AUTO_ENABLE_SELL=true)
[2025-09-23 14:38:23] sleeping 60s
[2025-09-23 14:39:23] SELL: cooldown active until 15:00 (AUTO_ENABLE_SELL=true)
[2025-09-23 14:39:23] sleeping 60s
[2025-09-23 14:40:23] SELL: cooldown active until 15:00 (AUTO_ENABLE_SELL=true)
[2025-09-23 14:40:23] sleeping 60s
[2025-09-23 14:41:23] SELL: cooldown active until 15:00 (AUTO_ENABLE_SELL=true)
[2025-09-23 14:41:23] sleeping 60s
[2025-09-23 14:42:23] SELL: cooldown active until 15:00 (AUTO_ENABLE_SELL=true)
[2025-09-23 14:42:23] sleeping 60s
[2025-09-23 14:43:23] SELL: cooldown active until 15:00 (AUTO_ENABLE_SELL=true)
[2025-09-23 14:43:23] sleeping 60s
[2025-09-23 14:44:23] SELL: cooldown active until 15:00 (AUTO_ENABLE_SELL=true)
[2025-09-23 14:44:23] sleeping 60s
[2025-09-23 14:45:23] SELL: cooldown active until 15:00 (AUTO_ENABLE_SELL=true)
[2025-09-23 14:45:23] sleeping 60s
[2025-09-23 14:46:23] SELL: cooldown active until 15:00 (AUTO_ENABLE_SELL=true)
[2025-09-23 14:46:23] sleeping 60s
[2025-09-23 14:47:23] SELL: cooldown active until 15:00 (AUTO_ENABLE_SELL=true)
[2025-09-23 14:47:23] sleeping 60s
[2025-09-23 14:48:23] SELL: cooldown active until 15:00 (AUTO_ENABLE_SELL=true)
[2025-09-23 14:48:23] sleeping 60s
[2025-09-23 14:49:23] SELL: cooldown active until 15:00 (AUTO_ENABLE_SELL=true)
[2025-09-23 14:49:23] sleeping 60s
[2025-09-23 14:50:24] SELL: cooldown active until 15:00 (AUTO_ENABLE_SELL=true)
[2025-09-23 14:50:24] sleeping 60s
[2025-09-23 14:51:24] SELL: cooldown active until 15:00 (AUTO_ENABLE_SELL=true)
[2025-09-23 14:51:24] sleeping 60s
[2025-09-23 14:52:24] SELL: cooldown active until 15:00 (AUTO_ENABLE_SELL=true)
[2025-09-23 14:52:24] sleeping 60s
[2025-09-23 14:53:24] SELL: cooldown active until 15:00 (AUTO_ENABLE_SELL=true)
[2025-09-23 14:53:24] sleeping 60s
[2025-09-23 14:54:24] SELL: cooldown active until 15:00 (AUTO_ENABLE_SELL=true)
[2025-09-23 14:54:24] sleeping 60s
[2025-09-23 14:55:24] SELL: cooldown active until 15:00 (AUTO_ENABLE_SELL=true)
[2025-09-23 14:55:24] sleeping 60s
[2025-09-23 14:56:24] SELL: cooldown active until 15:00 (AUTO_ENABLE_SELL=true)
[2025-09-23 14:56:24] sleeping 60s
[2025-09-23 14:57:24] SELL: cooldown active until 15:00 (AUTO_ENABLE_SELL=true)
[2025-09-23 14:57:24] sleeping 60s
[2025-09-23 14:58:24] SELL: cooldown active until 15:00 (AUTO_ENABLE_SELL=true)
[2025-09-23 14:58:24] sleeping 60s
[2025-09-23 14:59:24] SELL: cooldown active until 15:00 (AUTO_ENABLE_SELL=true)
[2025-09-23 14:59:24] sleeping 60s
[2025-09-23 15:00:24] SELL: starting…
2025-09-23 15:00:26 [sell_execute] Recorded SELL: 0.006746476 SOL -> 1.4631 USDC @ 216.8655 USDC/SOL
[2025-09-23 15:00:27] SELL: exit code 0
[2025-09-23 15:00:27] sleeping 58s
[2025-09-23 15:01:25] SELL: cooldown active until 15:30 (AUTO_ENABLE_SELL=true)
[2025-09-23 15:01:25] sleeping 60s
[2025-09-23 15:02:25] SELL: cooldown active until 15:30 (AUTO_ENABLE_SELL=true)
[2025-09-23 15:02:25] sleeping 60s
[2025-09-23 15:03:25] SELL: cooldown active until 15:30 (AUTO_ENABLE_SELL=true)
[2025-09-23 15:03:25] sleeping 60s
[2025-09-23 15:04:25] SELL: cooldown active until 15:30 (AUTO_ENABLE_SELL=true)
[2025-09-23 15:04:25] sleeping 60s
[2025-09-23 15:05:25] SELL: cooldown active until 15:30 (AUTO_ENABLE_SELL=true)
[2025-09-23 15:05:25] sleeping 60s
[2025-09-23 15:06:25] SELL: cooldown active until 15:30 (AUTO_ENABLE_SELL=true)
[2025-09-23 15:06:25] sleeping 60s
[2025-09-23 15:07:25] SELL: cooldown active until 15:30 (AUTO_ENABLE_SELL=true)
[2025-09-23 15:07:25] sleeping 60s
[2025-09-23 15:08:25] SELL: cooldown active until 15:30 (AUTO_ENABLE_SELL=true)
[2025-09-23 15:08:25] sleeping 60s
[2025-09-23 15:09:26] SELL: cooldown active until 15:30 (AUTO_ENABLE_SELL=true)
[2025-09-23 15:09:26] sleeping 60s
[2025-09-23 15:10:26] SELL: cooldown active until 15:30 (AUTO_ENABLE_SELL=true)
[2025-09-23 15:10:26] sleeping 60s
[2025-09-23 15:11:26] SELL: cooldown active until 15:30 (AUTO_ENABLE_SELL=true)
[2025-09-23 15:11:26] sleeping 60s
[2025-09-23 15:12:26] SELL: cooldown active until 15:30 (AUTO_ENABLE_SELL=true)
[2025-09-23 15:12:26] sleeping 60s
[2025-09-23 15:13:26] SELL: cooldown active until 15:30 (AUTO_ENABLE_SELL=true)
[2025-09-23 15:13:26] sleeping 60s
[2025-09-23 15:14:26] SELL: cooldown active until 15:30 (AUTO_ENABLE_SELL=true)
[2025-09-23 15:14:26] sleeping 60s
[2025-09-23 15:15:26] SELL: cooldown active until 15:30 (AUTO_ENABLE_SELL=true)
[2025-09-23 15:15:26] sleeping 60s
[2025-09-23 15:16:26] SELL: cooldown active until 15:30 (AUTO_ENABLE_SELL=true)
[2025-09-23 15:16:26] sleeping 60s
[2025-09-23 15:17:26] SELL: cooldown active until 15:30 (AUTO_ENABLE_SELL=true)
[2025-09-23 15:17:26] sleeping 60s
[2025-09-23 15:18:26] SELL: cooldown active until 15:30 (AUTO_ENABLE_SELL=true)
[2025-09-23 15:18:26] sleeping 60s
[2025-09-23 15:19:26] SELL: cooldown active until 15:30 (AUTO_ENABLE_SELL=true)
[2025-09-23 15:19:26] sleeping 60s
[2025-09-23 15:20:27] SELL: cooldown active until 15:30 (AUTO_ENABLE_SELL=true)
[2025-09-23 15:20:27] sleeping 60s
[2025-09-23 15:21:27] SELL: cooldown active until 15:30 (AUTO_ENABLE_SELL=true)
[2025-09-23 15:21:27] sleeping 60s
[2025-09-23 15:22:27] SELL: cooldown active until 15:30 (AUTO_ENABLE_SELL=true)
[2025-09-23 15:22:27] sleeping 60s
[2025-09-23 15:23:27] SELL: cooldown active until 15:30 (AUTO_ENABLE_SELL=true)
[2025-09-23 15:23:27] sleeping 60s
[2025-09-23 15:24:27] SELL: cooldown active until 15:30 (AUTO_ENABLE_SELL=true)
[2025-09-23 15:24:27] sleeping 60s
[2025-09-23 15:25:27] SELL: cooldown active until 15:30 (AUTO_ENABLE_SELL=true)
[2025-09-23 15:25:27] sleeping 60s
[2025-09-23 15:26:27] SELL: cooldown active until 15:30 (AUTO_ENABLE_SELL=true)
[2025-09-23 15:26:27] sleeping 60s
[2025-09-23 15:27:27] SELL: cooldown active until 15:30 (AUTO_ENABLE_SELL=true)
[2025-09-23 15:27:27] sleeping 60s
[2025-09-23 15:28:28] SELL: cooldown active until 15:30 (AUTO_ENABLE_SELL=true)
[2025-09-23 15:28:28] sleeping 60s
[2025-09-23 15:29:28] SELL: cooldown active until 15:30 (AUTO_ENABLE_SELL=true)
[2025-09-23 15:29:28] sleeping 60s
[2025-09-23 15:30:28] SELL: starting…
2025-09-23 15:30:30 [sell_execute] Recorded SELL: 0.006746476 SOL -> 1.4613 USDC @ 216.6063 USDC/SOL
[2025-09-23 15:30:30] SELL: exit code 0
[2025-09-23 15:30:31] sleeping 57s
[2025-09-23 15:31:28] SELL: cooldown active until 16:00 (AUTO_ENABLE_SELL=true)
[2025-09-23 15:31:28] sleeping 60s
[2025-09-23 15:32:28] SELL: cooldown active until 16:00 (AUTO_ENABLE_SELL=true)
[2025-09-23 15:32:28] sleeping 60s
[2025-09-23 15:33:28] SELL: cooldown active until 16:00 (AUTO_ENABLE_SELL=true)
[2025-09-23 15:33:28] sleeping 60s
[2025-09-23 15:34:28] SELL: cooldown active until 16:00 (AUTO_ENABLE_SELL=true)
[2025-09-23 15:34:28] sleeping 60s
[2025-09-23 15:35:28] SELL: cooldown active until 16:00 (AUTO_ENABLE_SELL=true)
[2025-09-23 15:35:28] sleeping 60s
[2025-09-23 15:36:28] SELL: cooldown active until 16:00 (AUTO_ENABLE_SELL=true)
[2025-09-23 15:36:28] sleeping 60s
[2025-09-23 15:37:28] SELL: cooldown active until 16:00 (AUTO_ENABLE_SELL=true)
[2025-09-23 15:37:28] sleeping 60s
[2025-09-23 15:38:28] SELL: cooldown active until 16:00 (AUTO_ENABLE_SELL=true)
[2025-09-23 15:38:28] sleeping 60s
[2025-09-23 15:39:29] SELL: cooldown active until 16:00 (AUTO_ENABLE_SELL=true)
[2025-09-23 15:39:29] sleeping 60s
[2025-09-23 15:40:29] SELL: cooldown active until 16:00 (AUTO_ENABLE_SELL=true)
[2025-09-23 15:40:29] sleeping 60s
[2025-09-23 15:41:29] SELL: cooldown active until 16:00 (AUTO_ENABLE_SELL=true)
[2025-09-23 15:41:29] sleeping 60s
[2025-09-23 15:42:29] SELL: cooldown active until 16:00 (AUTO_ENABLE_SELL=true)
[2025-09-23 15:42:29] sleeping 60s
[2025-09-23 15:43:29] SELL: cooldown active until 16:00 (AUTO_ENABLE_SELL=true)
[2025-09-23 15:43:29] sleeping 60s
[2025-09-23 15:44:29] SELL: cooldown active until 16:00 (AUTO_ENABLE_SELL=true)
[2025-09-23 15:44:29] sleeping 60s
[2025-09-23 15:45:29] SELL: cooldown active until 16:00 (AUTO_ENABLE_SELL=true)
[2025-09-23 15:45:29] sleeping 60s
[2025-09-23 15:46:29] SELL: cooldown active until 16:00 (AUTO_ENABLE_SELL=true)
[2025-09-23 15:46:29] sleeping 60s
[2025-09-23 15:47:29] SELL: cooldown active until 16:00 (AUTO_ENABLE_SELL=true)
[2025-09-23 15:47:29] sleeping 60s
[2025-09-23 15:48:29] SELL: cooldown active until 16:00 (AUTO_ENABLE_SELL=true)
[2025-09-23 15:48:29] sleeping 60s
[2025-09-23 15:49:29] SELL: cooldown active until 16:00 (AUTO_ENABLE_SELL=true)
[2025-09-23 15:49:29] sleeping 60s
[2025-09-23 15:50:29] SELL: cooldown active until 16:00 (AUTO_ENABLE_SELL=true)
[2025-09-23 15:50:29] sleeping 60s
[2025-09-23 15:51:29] SELL: cooldown active until 16:00 (AUTO_ENABLE_SELL=true)
[2025-09-23 15:51:29] sleeping 60s
[2025-09-23 15:52:30] SELL: cooldown active until 16:00 (AUTO_ENABLE_SELL=true)
[2025-09-23 15:52:30] sleeping 60s
[2025-09-23 15:53:30] SELL: cooldown active until 16:00 (AUTO_ENABLE_SELL=true)
[2025-09-23 15:53:30] sleeping 60s
[2025-09-23 15:54:30] SELL: cooldown active until 16:00 (AUTO_ENABLE_SELL=true)
[2025-09-23 15:54:30] sleeping 60s
[2025-09-23 15:55:30] SELL: cooldown active until 16:00 (AUTO_ENABLE_SELL=true)
[2025-09-23 15:55:30] sleeping 60s
[2025-09-23 15:56:30] SELL: cooldown active until 16:00 (AUTO_ENABLE_SELL=true)
[2025-09-23 15:56:30] sleeping 60s
[2025-09-23 15:57:30] SELL: cooldown active until 16:00 (AUTO_ENABLE_SELL=true)
[2025-09-23 15:57:30] sleeping 60s
[2025-09-23 15:58:30] SELL: cooldown active until 16:00 (AUTO_ENABLE_SELL=true)
[2025-09-23 15:58:30] sleeping 60s
[2025-09-23 15:59:30] SELL: cooldown active until 16:00 (AUTO_ENABLE_SELL=true)
[2025-09-23 15:59:30] sleeping 60s
[2025-09-23 16:00:30] SELL: cooldown active until 16:00 (AUTO_ENABLE_SELL=true)
[2025-09-23 16:00:30] sleeping 60s
[2025-09-23 16:01:30] SELL: starting…
2025-09-23 16:01:32 [sell_execute] Recorded SELL: 0.006746476 SOL -> 1.4571 USDC @ 215.9776 USDC/SOL
[2025-09-23 16:01:32] SELL: exit code 0
[2025-09-23 16:01:33] sleeping 58s
[2025-09-23 16:02:31] SELL: cooldown active until 16:31 (AUTO_ENABLE_SELL=true)
[2025-09-23 16:02:31] sleeping 60s
[2025-09-23 16:03:31] SELL: cooldown active until 16:31 (AUTO_ENABLE_SELL=true)
[2025-09-23 16:03:31] sleeping 60s
[2025-09-23 16:04:31] SELL: cooldown active until 16:31 (AUTO_ENABLE_SELL=true)
[2025-09-23 16:04:31] sleeping 60s
[2025-09-23 16:05:31] SELL: cooldown active until 16:31 (AUTO_ENABLE_SELL=true)
[2025-09-23 16:05:31] sleeping 60s
[2025-09-23 16:06:31] SELL: cooldown active until 16:31 (AUTO_ENABLE_SELL=true)
[2025-09-23 16:06:31] sleeping 60s
[2025-09-23 16:07:31] SELL: cooldown active until 16:31 (AUTO_ENABLE_SELL=true)
[2025-09-23 16:07:31] sleeping 60s
[2025-09-23 16:08:31] SELL: cooldown active until 16:31 (AUTO_ENABLE_SELL=true)
[2025-09-23 16:08:31] sleeping 60s
[2025-09-23 16:09:31] SELL: cooldown active until 16:31 (AUTO_ENABLE_SELL=true)
[2025-09-23 16:09:31] sleeping 60s
[2025-09-23 16:10:31] SELL: cooldown active until 16:31 (AUTO_ENABLE_SELL=true)
[2025-09-23 16:10:31] sleeping 60s
[2025-09-23 16:11:32] SELL: cooldown active until 16:31 (AUTO_ENABLE_SELL=true)
[2025-09-23 16:11:32] sleeping 60s
[2025-09-23 16:12:32] SELL: cooldown active until 16:31 (AUTO_ENABLE_SELL=true)
[2025-09-23 16:12:32] sleeping 60s
[2025-09-23 16:13:32] SELL: cooldown active until 16:31 (AUTO_ENABLE_SELL=true)
[2025-09-23 16:13:32] sleeping 60s
[2025-09-23 16:14:32] SELL: cooldown active until 16:31 (AUTO_ENABLE_SELL=true)
[2025-09-23 16:14:32] sleeping 60s
[2025-09-23 16:15:32] SELL: cooldown active until 16:31 (AUTO_ENABLE_SELL=true)
[2025-09-23 16:15:32] sleeping 60s
[2025-09-23 16:16:32] SELL: cooldown active until 16:31 (AUTO_ENABLE_SELL=true)
[2025-09-23 16:16:32] sleeping 60s
[2025-09-23 16:17:32] SELL: cooldown active until 16:31 (AUTO_ENABLE_SELL=true)
[2025-09-23 16:17:32] sleeping 60s
[2025-09-23 16:18:32] SELL: cooldown active until 16:31 (AUTO_ENABLE_SELL=true)
[2025-09-23 16:18:32] sleeping 60s
[2025-09-23 16:19:32] SELL: cooldown active until 16:31 (AUTO_ENABLE_SELL=true)
[2025-09-23 16:19:32] sleeping 60s
[2025-09-23 16:20:32] SELL: cooldown active until 16:31 (AUTO_ENABLE_SELL=true)
[2025-09-23 16:20:32] sleeping 60s
[2025-09-23 16:21:32] SELL: cooldown active until 16:31 (AUTO_ENABLE_SELL=true)
[2025-09-23 16:21:32] sleeping 60s
[2025-09-23 16:22:32] SELL: cooldown active until 16:31 (AUTO_ENABLE_SELL=true)
[2025-09-23 16:22:32] sleeping 60s
[2025-09-23 16:23:32] SELL: cooldown active until 16:31 (AUTO_ENABLE_SELL=true)
[2025-09-23 16:23:32] sleeping 60s
[2025-09-23 16:24:32] SELL: cooldown active until 16:31 (AUTO_ENABLE_SELL=true)
[2025-09-23 16:24:32] sleeping 60s
[2025-09-23 16:25:32] SELL: cooldown active until 16:31 (AUTO_ENABLE_SELL=true)
[2025-09-23 16:25:32] sleeping 60s
[2025-09-23 16:26:33] SELL: cooldown active until 16:31 (AUTO_ENABLE_SELL=true)
[2025-09-23 16:26:33] sleeping 60s
[2025-09-23 16:27:33] SELL: cooldown active until 16:31 (AUTO_ENABLE_SELL=true)
[2025-09-23 16:27:33] sleeping 60s
[2025-09-23 16:28:33] SELL: cooldown active until 16:31 (AUTO_ENABLE_SELL=true)
[2025-09-23 16:28:33] sleeping 60s
[2025-09-23 16:29:33] SELL: cooldown active until 16:31 (AUTO_ENABLE_SELL=true)
[2025-09-23 16:29:33] sleeping 60s
[2025-09-23 16:30:33] SELL: cooldown active until 16:31 (AUTO_ENABLE_SELL=true)
[2025-09-23 16:30:33] sleeping 60s
[2025-09-23 16:31:33] SELL: starting…
2025-09-23 16:31:35 [sell_execute] Recorded SELL: 0.006746476 SOL -> 1.4582 USDC @ 216.1420 USDC/SOL
[2025-09-23 16:31:35] SELL: exit code 0
[2025-09-23 16:31:36] sleeping 58s
[2025-09-23 16:32:34] SELL: cooldown active until 17:01 (AUTO_ENABLE_SELL=true)
[2025-09-23 16:32:34] sleeping 60s
[2025-09-23 16:33:34] SELL: cooldown active until 17:01 (AUTO_ENABLE_SELL=true)
[2025-09-23 16:33:34] sleeping 60s
[2025-09-23 16:34:34] SELL: cooldown active until 17:01 (AUTO_ENABLE_SELL=true)
[2025-09-23 16:34:34] sleeping 60s
[2025-09-23 16:35:34] SELL: cooldown active until 17:01 (AUTO_ENABLE_SELL=true)
[2025-09-23 16:35:34] sleeping 60s
[2025-09-23 16:36:34] SELL: cooldown active until 17:01 (AUTO_ENABLE_SELL=true)
[2025-09-23 16:36:34] sleeping 60s
[2025-09-23 16:37:34] SELL: cooldown active until 17:01 (AUTO_ENABLE_SELL=true)
[2025-09-23 16:37:34] sleeping 60s
[2025-09-23 16:38:34] SELL: cooldown active until 17:01 (AUTO_ENABLE_SELL=true)
[2025-09-23 16:38:34] sleeping 60s
[2025-09-23 16:39:34] SELL: cooldown active until 17:01 (AUTO_ENABLE_SELL=true)
[2025-09-23 16:39:34] sleeping 60s
